date,EUR_PLN,USD_PLN,CZK_PLN,PLN_PLN
2020-01-01,4.4597,3.9334,0.1756,1.0
2020-01-02,4.5418,3.9219,0.1721,1.0
2020-01-03,4.5463,4.0421,0.1711,1.0
2020-01-04,4.4634,3.8944,0.1711,1.0
2020-01-05,4.4394,3.7204,0.1661,1.0
2020-01-06,4.375,3.8285,0.1743,1.0
2020-01-07,4.3474,3.7805,0.1789,1.0
2020-01-08,4.4019,3.9581,0.1673,1.0
2020-01-09,4.3764,3.9633,0.1684,1.0
2020-01-10,4.4501,3.8779,0.1718,1.0
2020-01-11,4.3719,4.1723,0.1729,1.0
2020-01-12,4.3354,4.0487,0.1681,1.0
2020-01-13,4.4367,3.7148,0.1677,1.0
2020-01-14,4.4357,4.0386,0.1737,1.0
2020-01-15,4.4107,3.9139,0.1671,1.0
2020-01-16,4.3624,3.8947,0.1772,1.0
2020-01-17,4.4475,3.7384,0.1743,1.0
2020-01-18,4.3892,3.8688,0.1754,1.0
2020-01-19,4.5025,4.0618,0.1696,1.0
2020-01-20,4.3953,3.9898,0.1769,1.0
2020-01-21,4.3817,3.9277,0.1686,1.0
2020-01-22,4.3243,4.0475,0.1784,1.0
2020-01-23,4.4142,4.0704,0.1744,1.0
2020-01-24,4.3684,3.9934,0.1792,1.0
2020-01-25,4.4171,4.1378,0.1625,1.0
2020-01-26,4.4858,3.9604,0.1718,1.0
2020-01-27,4.4273,3.7115,0.1721,1.0
2020-01-28,4.4486,4.1273,0.1709,1.0
2020-01-29,4.3553,3.8898,0.1767,1.0
2020-01-30,4.4463,3.8864,0.1751,1.0
2020-01-31,4.4278,4.0662,0.1702,1.0
2020-02-01,4.3938,3.9029,0.1671,1.0
2020-02-02,4.4437,3.9813,0.173,1.0
2020-02-03,4.4012,3.7802,0.1713,1.0
2020-02-04,4.3926,3.8537,0.1724,1.0
2020-02-05,4.4523,4.1763,0.1737,1.0
2020-02-06,4.4406,3.9411,0.1653,1.0
2020-02-07,4.4179,3.9572,0.1829,1.0
2020-02-08,4.4046,3.9862,0.1729,1.0
2020-02-09,4.3265,4.0871,0.176,1.0
2020-02-10,4.4833,3.8409,0.1786,1.0
2020-02-11,4.3079,4.0204,0.1818,1.0
2020-02-12,4.3408,3.882,0.1734,1.0
2020-02-13,4.3797,3.7639,0.1733,1.0
2020-02-14,4.335,4.0068,0.1693,1.0
2020-02-15,4.544,3.856,0.1717,1.0
2020-02-16,4.4851,3.8023,0.1739,1.0
2020-02-17,4.5246,3.7571,0.1737,1.0
2020-02-18,4.4408,4.0438,0.1681,1.0
2020-02-19,4.3144,4.0126,0.1742,1.0
2020-02-20,4.44,3.9916,0.1703,1.0
2020-02-21,4.4386,3.9852,0.1701,1.0
2020-02-22,4.5693,4.0069,0.1682,1.0
2020-02-23,4.4725,3.833,0.1761,1.0
2020-02-24,4.5127,3.8515,0.1769,1.0
2020-02-25,4.453,4.0486,0.1806,1.0
2020-02-26,4.4004,3.8596,0.1694,1.0
2020-02-27,4.3547,3.9407,0.1744,1.0
2020-02-28,4.4421,4.0493,0.1731,1.0
2020-02-29,4.5363,3.9182,0.1839,1.0
2020-03-01,4.4701,3.8471,0.1687,1.0
2020-03-02,4.4586,3.9232,0.1759,1.0
2020-03-03,4.4579,3.9413,0.1696,1.0
2020-03-04,4.2988,3.8964,0.1764,1.0
2020-03-05,4.4371,3.8005,0.1737,1.0
2020-03-06,4.4508,3.8439,0.1736,1.0
2020-03-07,4.4247,3.8128,0.1744,1.0
2020-03-08,4.4649,4.08,0.1772,1.0
2020-03-09,4.3098,3.8375,0.1751,1.0
2020-03-10,4.4611,4.0118,0.1884,1.0
2020-03-11,4.4657,4.0863,0.1768,1.0
2020-03-12,4.4721,3.9122,0.176,1.0
2020-03-13,4.3582,3.9216,0.1711,1.0
2020-03-14,4.4265,4.2278,0.1655,1.0
2020-03-15,4.4749,3.7565,0.1711,1.0
2020-03-16,4.5071,3.9577,0.1687,1.0
2020-03-17,4.3628,4.0316,0.1701,1.0
2020-03-18,4.4373,3.9555,0.1704,1.0
2020-03-19,4.5915,4.0261,0.1649,1.0
2020-03-20,4.4349,3.8706,0.1764,1.0
2020-03-21,4.3566,3.9362,0.175,1.0
2020-03-22,4.4893,3.806,0.1717,1.0
2020-03-23,4.382,3.8716,0.1801,1.0
2020-03-24,4.4524,3.7987,0.1767,1.0
2020-03-25,4.5898,4.0739,0.1669,1.0
2020-03-26,4.3813,4.102,0.1702,1.0
2020-03-27,4.4555,4.043,0.1693,1.0
2020-03-28,4.4152,3.561,0.1689,1.0
2020-03-29,4.3998,3.8003,0.1795,1.0
2020-03-30,4.3056,3.8972,0.1735,1.0
2020-03-31,4.5353,3.7777,0.1777,1.0
2020-04-01,4.4208,3.8322,0.1748,1.0
2020-04-02,4.4359,3.878,0.1733,1.0
2020-04-03,4.3892,3.9636,0.1756,1.0
2020-04-04,4.5469,3.8015,0.1815,1.0
2020-04-05,4.2638,3.9318,0.1754,1.0
2020-04-06,4.4425,3.8753,0.1722,1.0
2020-04-07,4.3806,3.8793,0.1764,1.0
2020-04-08,4.4486,3.8669,0.1766,1.0
2020-04-09,4.4446,4.0475,0.1755,1.0
2020-04-10,4.3537,3.8828,0.176,1.0
2020-04-11,4.4688,3.9475,0.1735,1.0
2020-04-12,4.5222,3.879,0.1752,1.0
2020-04-13,4.4038,3.9239,0.1774,1.0
2020-04-14,4.486,4.0476,0.1782,1.0
2020-04-15,4.4217,4.0318,0.1718,1.0
2020-04-16,4.4459,3.9344,0.1734,1.0
2020-04-17,4.4676,3.8518,0.1814,1.0
2020-04-18,4.3395,3.8043,0.1776,1.0
2020-04-19,4.4833,4.0249,0.1755,1.0
2020-04-20,4.419,3.8423,0.1733,1.0
2020-04-21,4.3658,4.067,0.1724,1.0
2020-04-22,4.354,3.9114,0.1747,1.0
2020-04-23,4.3749,3.8513,0.174,1.0
2020-04-24,4.4396,3.8892,0.1711,1.0
2020-04-25,4.4386,3.7762,0.1674,1.0
2020-04-26,4.3625,3.9244,0.1742,1.0
2020-04-27,4.538,4.0529,0.1724,1.0
2020-04-28,4.4185,3.8297,0.1729,1.0
2020-04-29,4.3969,3.9887,0.1697,1.0
2020-04-30,4.4615,4.1339,0.1726,1.0
2020-05-01,4.4521,4.0328,0.1714,1.0
2020-05-02,4.4379,3.9515,0.1734,1.0
2020-05-03,4.3582,3.9529,0.175,1.0
2020-05-04,4.5361,4.0651,0.1816,1.0
2020-05-05,4.3586,4.0547,0.1737,1.0
2020-05-06,4.5952,3.853,0.1696,1.0
2020-05-07,4.372,3.6951,0.1709,1.0
2020-05-08,4.3593,3.968,0.1744,1.0
2020-05-09,4.5701,4.0641,0.1707,1.0
2020-05-10,4.3481,4.009,0.1677,1.0
2020-05-11,4.5665,4.0915,0.1711,1.0
2020-05-12,4.2829,4.1125,0.1725,1.0
2020-05-13,4.519,3.7587,0.1706,1.0
2020-05-14,4.4204,3.9556,0.1712,1.0
2020-05-15,4.4698,3.8219,0.1724,1.0
2020-05-16,4.4296,4.0117,0.1758,1.0
2020-05-17,4.33,3.7659,0.1781,1.0
2020-05-18,4.4466,3.8602,0.1792,1.0
2020-05-19,4.4293,4.0915,0.1733,1.0
2020-05-20,4.5849,4.1606,0.172,1.0
2020-05-21,4.4977,4.0274,0.1785,1.0
2020-05-22,4.3428,4.0323,0.1772,1.0
2020-05-23,4.2793,3.808,0.1648,1.0
2020-05-24,4.3984,4.0361,0.179,1.0
2020-05-25,4.4259,4.1454,0.1675,1.0
2020-05-26,4.2837,3.9433,0.1745,1.0
2020-05-27,4.4174,3.7019,0.1726,1.0
2020-05-28,4.3156,4.0304,0.1745,1.0
2020-05-29,4.3448,3.8883,0.1688,1.0
2020-05-30,4.415,4.0646,0.1691,1.0
2020-05-31,4.4603,3.8864,0.1698,1.0
2020-06-01,4.4114,3.8258,0.1708,1.0
2020-06-02,4.3242,4.1858,0.1731,1.0
2020-06-03,4.364,3.9757,0.1726,1.0
2020-06-04,4.4023,4.0237,0.176,1.0
2020-06-05,4.3776,3.8809,0.1719,1.0
2020-06-06,4.2358,3.7682,0.1785,1.0
2020-06-07,4.5516,3.9201,0.1753,1.0
2020-06-08,4.4449,4.3195,0.1775,1.0
2020-06-09,4.4098,3.8353,0.1666,1.0
2020-06-10,4.4363,3.8592,0.1673,1.0
2020-06-11,4.3683,3.8202,0.1797,1.0
2020-06-12,4.4905,3.949,0.1789,1.0
2020-06-13,4.4262,3.8466,0.1791,1.0
2020-06-14,4.4631,3.8255,0.1722,1.0
2020-06-15,4.35,3.7841,0.1767,1.0
2020-06-16,4.5728,3.7822,0.1753,1.0
2020-06-17,4.3679,3.8915,0.1706,1.0
2020-06-18,4.3509,3.9558,0.1697,1.0
2020-06-19,4.4416,3.944,0.172,1.0
2020-06-20,4.3474,3.8808,0.176,1.0
2020-06-21,4.4601,3.8327,0.1734,1.0
2020-06-22,4.4801,3.7497,0.1752,1.0
2020-06-23,4.367,4.0185,0.1699,1.0
2020-06-24,4.2756,3.7547,0.1732,1.0
2020-06-25,4.4408,3.8415,0.1756,1.0
2020-06-26,4.2871,3.9421,0.1682,1.0
2020-06-27,4.3679,3.9557,0.1696,1.0
2020-06-28,4.3892,4.0708,0.1707,1.0
2020-06-29,4.4869,3.8144,0.1751,1.0
2020-06-30,4.5353,3.6534,0.1698,1.0
2020-07-01,4.4662,3.9256,0.1745,1.0
2020-07-02,4.3717,3.9604,0.1724,1.0
2020-07-03,4.5134,3.9805,0.1744,1.0
2020-07-04,4.387,3.8915,0.1713,1.0
2020-07-05,4.4516,3.8995,0.1742,1.0
2020-07-06,4.586,4.0545,0.1717,1.0
2020-07-07,4.5161,3.901,0.1648,1.0
2020-07-08,4.3394,3.7255,0.1716,1.0
2020-07-09,4.4215,4.1512,0.1743,1.0
2020-07-10,4.4025,4.0495,0.1642,1.0
2020-07-11,4.4388,4.0425,0.1671,1.0
2020-07-12,4.5115,3.9906,0.1713,1.0
2020-07-13,4.4706,4.2225,0.1737,1.0
2020-07-14,4.4399,3.8949,0.1696,1.0
2020-07-15,4.4864,3.8473,0.1733,1.0
2020-07-16,4.3818,4.0075,0.1743,1.0
2020-07-17,4.503,3.8888,0.1719,1.0
2020-07-18,4.3417,3.8967,0.1745,1.0
2020-07-19,4.4806,3.8393,0.1765,1.0
2020-07-20,4.5285,3.9996,0.1805,1.0
2020-07-21,4.3581,3.8006,0.1659,1.0
2020-07-22,4.5397,4.0285,0.1728,1.0
2020-07-23,4.4424,3.8149,0.1828,1.0
2020-07-24,4.4303,3.9631,0.1759,1.0
2020-07-25,4.4585,3.9769,0.1698,1.0
2020-07-26,4.4577,4.1758,0.1784,1.0
2020-07-27,4.5475,3.8887,0.169,1.0
2020-07-28,4.4099,3.9567,0.1774,1.0
2020-07-29,4.2846,4.1335,0.1724,1.0
2020-07-30,4.3858,3.8285,0.1664,1.0
2020-07-31,4.4859,3.9588,0.1678,1.0
2020-08-01,4.3164,3.9097,0.1797,1.0
2020-08-02,4.3992,3.7696,0.172,1.0
2020-08-03,4.3982,3.6264,0.1728,1.0
2020-08-04,4.4015,4.0335,0.1804,1.0
2020-08-05,4.5101,3.9177,0.1686,1.0
2020-08-06,4.6259,3.9571,0.1731,1.0
2020-08-07,4.4181,3.9738,0.1724,1.0
2020-08-08,4.3741,3.8844,0.1729,1.0
2020-08-09,4.3765,3.8645,0.1734,1.0
2020-08-10,4.3996,4.1305,0.1624,1.0
2020-08-11,4.5073,4.0995,0.1647,1.0
2020-08-12,4.3926,3.9054,0.1674,1.0
2020-08-13,4.3578,3.8167,0.18,1.0
2020-08-14,4.4949,4.1026,0.1759,1.0
2020-08-15,4.3297,3.8871,0.175,1.0
2020-08-16,4.3222,4.0356,0.172,1.0
2020-08-17,4.39,4.0353,0.1748,1.0
2020-08-18,4.3911,4.0891,0.1687,1.0
2020-08-19,4.4693,4.0212,0.1718,1.0
2020-08-20,4.4461,3.7999,0.1767,1.0
2020-08-21,4.4052,3.8873,0.1772,1.0
2020-08-22,4.3637,3.781,0.1668,1.0
2020-08-23,4.4685,3.7963,0.18,1.0
2020-08-24,4.2534,4.1536,0.1738,1.0
2020-08-25,4.4123,3.8846,0.1746,1.0
2020-08-26,4.417,4.0824,0.1735,1.0
2020-08-27,4.432,3.9064,0.1728,1.0
2020-08-28,4.4446,3.7448,0.1676,1.0
2020-08-29,4.4795,3.9705,0.1723,1.0
2020-08-30,4.4215,3.9917,0.1708,1.0
2020-08-31,4.3577,3.9735,0.1691,1.0
2020-09-01,4.4527,3.7457,0.1771,1.0
2020-09-02,4.4578,3.9807,0.1769,1.0
2020-09-03,4.5532,4.0717,0.1656,1.0
2020-09-04,4.3176,3.875,0.1731,1.0
2020-09-05,4.4614,3.8629,0.1737,1.0
2020-09-06,4.3596,3.8766,0.1674,1.0
2020-09-07,4.3461,3.7878,0.1691,1.0
2020-09-08,4.5043,3.8361,0.1835,1.0
2020-09-09,4.4595,3.9722,0.1696,1.0
2020-09-10,4.476,3.8809,0.1735,1.0
2020-09-11,4.6248,3.9385,0.1776,1.0
2020-09-12,4.3637,3.9458,0.1801,1.0
2020-09-13,4.3698,4.1675,0.1758,1.0
2020-09-14,4.375,4.0259,0.1769,1.0
2020-09-15,4.4697,3.7616,0.1701,1.0
2020-09-16,4.4002,3.9411,0.1755,1.0
2020-09-17,4.4342,3.7898,0.1745,1.0
2020-09-18,4.4688,4.0172,0.1773,1.0
2020-09-19,4.4867,4.0051,0.1727,1.0
2020-09-20,4.2871,4.0016,0.1738,1.0
2020-09-21,4.4417,3.7968,0.1687,1.0
2020-09-22,4.5043,3.9453,0.1757,1.0
2020-09-23,4.4223,3.9536,0.1768,1.0
2020-09-24,4.3787,3.9615,0.1712,1.0
2020-09-25,4.3852,3.9129,0.1739,1.0
2020-09-26,4.3817,4.1007,0.1694,1.0
2020-09-27,4.4051,3.8972,0.1788,1.0
2020-09-28,4.4357,4.0738,0.1671,1.0
2020-09-29,4.4414,4.0568,0.1733,1.0
2020-09-30,4.5052,3.8879,0.1786,1.0
2020-10-01,4.6039,3.9065,0.1712,1.0
2020-10-02,4.5363,4.1395,0.1709,1.0
2020-10-03,4.3864,3.9162,0.1676,1.0
2020-10-04,4.3465,3.8295,0.1699,1.0
2020-10-05,4.4172,3.9781,0.1792,1.0
2020-10-06,4.3401,4.0681,0.1721,1.0
2020-10-07,4.416,4.031,0.1685,1.0
2020-10-08,4.4506,3.97,0.175,1.0
2020-10-09,4.4431,4.2446,0.1704,1.0
2020-10-10,4.3775,3.8752,0.1708,1.0
2020-10-11,4.369,4.0927,0.1787,1.0
2020-10-12,4.3743,3.8501,0.1749,1.0
2020-10-13,4.3758,4.026,0.1738,1.0
2020-10-14,4.2987,4.1357,0.1802,1.0
2020-10-15,4.371,3.9035,0.1741,1.0
2020-10-16,4.4468,4.029,0.181,1.0
2020-10-17,4.4058,3.8542,0.1675,1.0
2020-10-18,4.3615,3.946,0.1802,1.0
2020-10-19,4.3786,3.9769,0.1729,1.0
2020-10-20,4.5151,4.2532,0.1709,1.0
2020-10-21,4.3808,4.0753,0.1757,1.0
2020-10-22,4.5677,4.0201,0.1716,1.0
2020-10-23,4.4673,4.083,0.1763,1.0
2020-10-24,4.4606,4.078,0.1777,1.0
2020-10-25,4.5306,4.0278,0.1723,1.0
2020-10-26,4.4317,4.0948,0.1697,1.0
2020-10-27,4.4495,3.9028,0.1731,1.0
2020-10-28,4.5223,3.9729,0.1732,1.0
2020-10-29,4.3112,4.0396,0.1756,1.0
2020-10-30,4.5931,3.9131,0.1739,1.0
2020-10-31,4.44,4.1393,0.1726,1.0
2020-11-01,4.4423,4.0229,0.1737,1.0
2020-11-02,4.3843,3.9733,0.1773,1.0
2020-11-03,4.3379,3.966,0.1702,1.0
2020-11-04,4.5156,3.7672,0.1708,1.0
2020-11-05,4.4502,4.1379,0.1727,1.0
2020-11-06,4.3756,4.1757,0.1672,1.0
2020-11-07,4.2441,4.0028,0.171,1.0
2020-11-08,4.3383,4.035,0.174,1.0
2020-11-09,4.3749,3.7964,0.1765,1.0
2020-11-10,4.472,3.9381,0.1804,1.0
2020-11-11,4.3344,3.7669,0.1702,1.0
2020-11-12,4.4164,3.9792,0.172,1.0
2020-11-13,4.4482,3.7998,0.1788,1.0
2020-11-14,4.4134,4.0841,0.1744,1.0
2020-11-15,4.4565,4.0184,0.1748,1.0
2020-11-16,4.4714,4.1095,0.1738,1.0
2020-11-17,4.4767,3.9392,0.1788,1.0
2020-11-18,4.3659,4.1661,0.1728,1.0
2020-11-19,4.3055,3.9654,0.1703,1.0
2020-11-20,4.4873,3.8717,0.1712,1.0
2020-11-21,4.2688,3.8957,0.1633,1.0
2020-11-22,4.2933,4.0412,0.1761,1.0
2020-11-23,4.454,3.834,0.1728,1.0
2020-11-24,4.4197,3.811,0.179,1.0
2020-11-25,4.4902,3.9235,0.1731,1.0
2020-11-26,4.4367,3.705,0.172,1.0
2020-11-27,4.3654,3.8298,0.1719,1.0
2020-11-28,4.5638,4.0269,0.1707,1.0
2020-11-29,4.4658,4.1179,0.1767,1.0
2020-11-30,4.4248,3.8724,0.1758,1.0
2020-12-01,4.4515,4.0574,0.1755,1.0
2020-12-02,4.504,3.8858,0.1783,1.0
2020-12-03,4.4358,4.199,0.1702,1.0
2020-12-04,4.5589,3.9737,0.1704,1.0
2020-12-05,4.3813,3.9116,0.1747,1.0
2020-12-06,4.4618,3.8812,0.1729,1.0
2020-12-07,4.5914,4.1573,0.1747,1.0
2020-12-08,4.423,3.9644,0.1755,1.0
2020-12-09,4.3382,3.9191,0.1663,1.0
2020-12-10,4.4519,4.0277,0.1711,1.0
2020-12-11,4.5459,3.8029,0.1671,1.0
2020-12-12,4.438,4.0757,0.1797,1.0
2020-12-13,4.3833,4.0794,0.1728,1.0
2020-12-14,4.4062,4.056,0.1756,1.0
2020-12-15,4.2939,4.1272,0.1785,1.0
2020-12-16,4.37,3.9975,0.175,1.0
2020-12-17,4.4409,3.884,0.1703,1.0
2020-12-18,4.418,4.0907,0.1752,1.0
2020-12-19,4.3904,4.0426,0.1616,1.0
2020-12-20,4.5119,3.7412,0.1716,1.0
2020-12-21,4.3304,3.7946,0.1776,1.0
2020-12-22,4.3826,3.9916,0.1728,1.0
2020-12-23,4.4582,3.9592,0.1679,1.0
2020-12-24,4.4997,3.8907,0.1668,1.0
2020-12-25,4.3858,4.1301,0.1764,1.0
2020-12-26,4.3921,3.9081,0.1717,1.0
2020-12-27,4.5861,3.9958,0.1747,1.0
2020-12-28,4.5024,3.9787,0.172,1.0
2020-12-29,4.4043,3.9414,0.1729,1.0
2020-12-30,4.4782,3.9562,0.1759,1.0
2020-12-31,4.4135,3.9594,0.165,1.0
2021-01-01,4.605,3.8846,0.182,1.0
2021-01-02,4.3762,4.0588,0.1786,1.0
2021-01-03,4.6165,3.746,0.1808,1.0
2021-01-04,4.4868,3.7876,0.1847,1.0
2021-01-05,4.5386,3.8717,0.1816,1.0
2021-01-06,4.5797,3.865,0.1801,1.0
2021-01-07,4.6942,3.8442,0.1796,1.0
2021-01-08,4.613,3.9606,0.1826,1.0
2021-01-09,4.5883,3.7357,0.1839,1.0
2021-01-10,4.4812,3.8803,0.1767,1.0
2021-01-11,4.5462,3.8829,0.18,1.0
2021-01-12,4.5753,4.0114,0.1804,1.0
2021-01-13,4.5354,3.9464,0.1826,1.0
2021-01-14,4.4763,3.9097,0.1811,1.0
2021-01-15,4.5321,3.9876,0.1785,1.0
2021-01-16,4.5575,3.8327,0.179,1.0
2021-01-17,4.4842,3.706,0.1838,1.0
2021-01-18,4.4992,3.7509,0.1725,1.0
2021-01-19,4.5117,3.7177,0.1839,1.0
2021-01-20,4.6106,3.7812,0.1858,1.0
2021-01-21,4.6089,3.8175,0.1715,1.0
2021-01-22,4.6875,3.711,0.1741,1.0
2021-01-23,4.6114,4.094,0.1832,1.0
2021-01-24,4.5838,3.9095,0.1816,1.0
2021-01-25,4.5955,3.8781,0.1793,1.0
2021-01-26,4.5462,3.7746,0.1782,1.0
2021-01-27,4.4484,3.8402,0.176,1.0
2021-01-28,4.4838,3.868,0.1832,1.0
2021-01-29,4.6051,3.6929,0.176,1.0
2021-01-30,4.6064,3.7518,0.1783,1.0
2021-01-31,4.583,3.7532,0.1793,1.0
2021-02-01,4.47,3.7899,0.18,1.0
2021-02-02,4.4544,3.894,0.1789,1.0
2021-02-03,4.5831,3.8724,0.1831,1.0
2021-02-04,4.5575,3.8071,0.1794,1.0
2021-02-05,4.5826,3.8549,0.1791,1.0
2021-02-06,4.5079,3.7837,0.1748,1.0
2021-02-07,4.655,3.7256,0.1769,1.0
2021-02-08,4.5069,3.9395,0.1781,1.0
2021-02-09,4.6249,3.7827,0.1798,1.0
2021-02-10,4.4999,4.0645,0.1754,1.0
2021-02-11,4.5686,3.9134,0.1802,1.0
2021-02-12,4.5389,3.837,0.1791,1.0
2021-02-13,4.5412,3.9464,0.1856,1.0
2021-02-14,4.5166,3.713,0.1787,1.0
2021-02-15,4.7048,3.7696,0.1839,1.0
2021-02-16,4.6507,3.7946,0.1807,1.0
2021-02-17,4.6477,3.8121,0.1784,1.0
2021-02-18,4.5151,3.7485,0.1771,1.0
2021-02-19,4.4766,3.8534,0.1767,1.0
2021-02-20,4.564,3.6944,0.18,1.0
2021-02-21,4.6,3.6506,0.1801,1.0
2021-02-22,4.6237,3.729,0.184,1.0
2021-02-23,4.5751,3.7795,0.1788,1.0
2021-02-24,4.5835,3.8576,0.1806,1.0
2021-02-25,4.4948,3.8669,0.1748,1.0
2021-02-26,4.5433,3.7596,0.1768,1.0
2021-02-27,4.6242,3.9591,0.1808,1.0
2021-02-28,4.4845,3.8184,0.1826,1.0
2021-03-01,4.5585,4.0819,0.1802,1.0
2021-03-02,4.5615,3.8191,0.1794,1.0
2021-03-03,4.5409,3.9208,0.1819,1.0
2021-03-04,4.5028,3.7169,0.1735,1.0
2021-03-05,4.5805,3.7397,0.1725,1.0
2021-03-06,4.5733,4.0993,0.179,1.0
2021-03-07,4.6003,3.8582,0.1787,1.0
2021-03-08,4.6051,3.821,0.1798,1.0
2021-03-09,4.5693,3.7832,0.182,1.0
2021-03-10,4.5395,3.7744,0.1806,1.0
2021-03-11,4.4961,3.8528,0.179,1.0
2021-03-12,4.6152,3.8975,0.1789,1.0
2021-03-13,4.5991,3.989,0.1807,1.0
2021-03-14,4.5506,3.7188,0.1758,1.0
2021-03-15,4.5317,3.789,0.1784,1.0
2021-03-16,4.5534,3.903,0.1788,1.0
2021-03-17,4.5792,3.8564,0.1731,1.0
2021-03-18,4.4936,3.8356,0.1754,1.0
2021-03-19,4.586,4.0031,0.1827,1.0
2021-03-20,4.5372,3.9991,0.1794,1.0
2021-03-21,4.5298,3.7887,0.1781,1.0
2021-03-22,4.5267,3.867,0.1795,1.0
2021-03-23,4.5502,3.8937,0.1826,1.0
2021-03-24,4.607,3.7015,0.1713,1.0
2021-03-25,4.6061,3.7133,0.1783,1.0
2021-03-26,4.4798,3.6698,0.1806,1.0
2021-03-27,4.5955,3.7923,0.1712,1.0
2021-03-28,4.5172,3.8892,0.1746,1.0
2021-03-29,4.561,3.8485,0.1807,1.0
2021-03-30,4.5572,3.7527,0.1826,1.0
2021-03-31,4.5405,3.8473,0.1762,1.0
2021-04-01,4.5234,3.7615,0.1785,1.0
2021-04-02,4.6527,3.7128,0.1742,1.0
2021-04-03,4.6383,3.8291,0.177,1.0
2021-04-04,4.6124,3.7894,0.1845,1.0
2021-04-05,4.5907,3.8012,0.1855,1.0
2021-04-06,4.5137,3.9242,0.1799,1.0
2021-04-07,4.6281,4.0062,0.1791,1.0
2021-04-08,4.5048,3.896,0.177,1.0
2021-04-09,4.6708,3.8637,0.1779,1.0
2021-04-10,4.5611,3.7153,0.1761,1.0
2021-04-11,4.622,3.7843,0.1759,1.0
2021-04-12,4.5822,3.9686,0.1812,1.0
2021-04-13,4.6098,3.7743,0.1747,1.0
2021-04-14,4.6401,3.8177,0.1782,1.0
2021-04-15,4.6297,3.9056,0.1804,1.0
2021-04-16,4.6799,3.7856,0.1818,1.0
2021-04-17,4.5534,3.8769,0.1836,1.0
2021-04-18,4.5805,3.9038,0.1822,1.0
2021-04-19,4.5281,3.7661,0.1759,1.0
2021-04-20,4.432,4.0556,0.1757,1.0
2021-04-21,4.5367,3.8223,0.1799,1.0
2021-04-22,4.5989,3.936,0.1773,1.0
2021-04-23,4.54,3.8783,0.1783,1.0
2021-04-24,4.6464,3.8991,0.1812,1.0
2021-04-25,4.5898,3.9673,0.1795,1.0
2021-04-26,4.4722,3.89,0.177,1.0
2021-04-27,4.5183,3.9086,0.1827,1.0
2021-04-28,4.5513,3.8809,0.1841,1.0
2021-04-29,4.5644,4.1102,0.1807,1.0
2021-04-30,4.4444,3.9253,0.1801,1.0
2021-05-01,4.6274,3.9173,0.1786,1.0
2021-05-02,4.4765,3.8291,0.1764,1.0
2021-05-03,4.5152,3.9089,0.184,1.0
2021-05-04,4.5737,3.7304,0.1803,1.0
2021-05-05,4.6218,3.789,0.1786,1.0
2021-05-06,4.5509,3.7715,0.1809,1.0
2021-05-07,4.5427,3.892,0.1763,1.0
2021-05-08,4.5238,3.9222,0.1779,1.0
2021-05-09,4.6536,3.81,0.1797,1.0
2021-05-10,4.606,3.7082,0.1737,1.0
2021-05-11,4.4585,3.9763,0.1773,1.0
2021-05-12,4.7035,3.7936,0.1796,1.0
2021-05-13,4.6425,4.0506,0.1852,1.0
2021-05-14,4.6225,3.9524,0.1808,1.0
2021-05-15,4.5967,3.7949,0.1765,1.0
2021-05-16,4.5498,3.833,0.1776,1.0
2021-05-17,4.5918,3.9455,0.1793,1.0
2021-05-18,4.6387,3.7358,0.1784,1.0
2021-05-19,4.507,3.6633,0.1788,1.0
2021-05-20,4.5427,4.0013,0.1809,1.0
2021-05-21,4.4885,4.0354,0.1827,1.0
2021-05-22,4.5849,3.8274,0.1761,1.0
2021-05-23,4.5277,3.9589,0.1847,1.0
2021-05-24,4.6426,3.8011,0.1756,1.0
2021-05-25,4.5585,3.6732,0.18,1.0
2021-05-26,4.5411,3.8034,0.1742,1.0
2021-05-27,4.5808,3.7967,0.1755,1.0
2021-05-28,4.3777,3.8472,0.1843,1.0
2021-05-29,4.6497,3.8043,0.1772,1.0
2021-05-30,4.5781,3.7502,0.1799,1.0
2021-05-31,4.596,3.9727,0.1787,1.0
2021-06-01,4.5378,3.7622,0.1765,1.0
2021-06-02,4.5364,3.8867,0.1817,1.0
2021-06-03,4.5018,3.9993,0.1782,1.0
2021-06-04,4.5487,3.7753,0.1717,1.0
2021-06-05,4.603,3.9237,0.1782,1.0
2021-06-06,4.554,3.9016,0.1743,1.0
2021-06-07,4.5183,3.9294,0.1752,1.0
2021-06-08,4.5676,3.7143,0.1804,1.0
2021-06-09,4.5479,3.6885,0.1825,1.0
2021-06-10,4.5059,3.769,0.1796,1.0
2021-06-11,4.6189,3.7484,0.1792,1.0
2021-06-12,4.5757,3.9193,0.1795,1.0
2021-06-13,4.528,3.7672,0.1793,1.0
2021-06-14,4.4857,3.5579,0.1803,1.0
2021-06-15,4.6042,3.6137,0.176,1.0
2021-06-16,4.5871,4.0557,0.1791,1.0
2021-06-17,4.5063,3.8317,0.1831,1.0
2021-06-18,4.5112,3.7701,0.1776,1.0
2021-06-19,4.4928,3.8623,0.1839,1.0
2021-06-20,4.5694,3.8248,0.1781,1.0
2021-06-21,4.4562,3.9383,0.1788,1.0
2021-06-22,4.5392,4.1693,0.1799,1.0
2021-06-23,4.5049,3.8074,0.1824,1.0
2021-06-24,4.5568,3.7062,0.1818,1.0
2021-06-25,4.5099,4.0373,0.1822,1.0
2021-06-26,4.5232,3.9781,0.1792,1.0
2021-06-27,4.6012,3.8985,0.1765,1.0
2021-06-28,4.5114,3.953,0.178,1.0
2021-06-29,4.5258,3.7545,0.1803,1.0
2021-06-30,4.6738,3.7432,0.1791,1.0
2021-07-01,4.6347,3.842,0.1804,1.0
2021-07-02,4.4863,3.8928,0.1784,1.0
2021-07-03,4.6091,3.9687,0.1868,1.0
2021-07-04,4.5848,3.8826,0.1796,1.0
2021-07-05,4.5288,3.8838,0.1781,1.0
2021-07-06,4.5601,3.9818,0.176,1.0
2021-07-07,4.6184,3.9817,0.1786,1.0
2021-07-08,4.4227,3.7892,0.1829,1.0
2021-07-09,4.5486,3.7501,0.1775,1.0
2021-07-10,4.6004,3.9047,0.1783,1.0
2021-07-11,4.528,3.8108,0.1762,1.0
2021-07-12,4.6469,3.8178,0.1827,1.0
2021-07-13,4.6413,3.9498,0.1777,1.0
2021-07-14,4.5742,3.8476,0.1763,1.0
2021-07-15,4.5695,3.7321,0.1826,1.0
2021-07-16,4.5221,3.8701,0.1798,1.0
2021-07-17,4.5345,3.9087,0.1776,1.0
2021-07-18,4.6023,3.7154,0.1794,1.0
2021-07-19,4.6663,3.75,0.177,1.0
2021-07-20,4.5808,3.868,0.1801,1.0
2021-07-21,4.5794,3.9135,0.1823,1.0
2021-07-22,4.5746,3.8259,0.181,1.0
2021-07-23,4.664,3.8367,0.1761,1.0
2021-07-24,4.6164,3.838,0.1725,1.0
2021-07-25,4.6008,3.7965,0.1787,1.0
2021-07-26,4.5699,3.869,0.1811,1.0
2021-07-27,4.5239,3.9013,0.1782,1.0
2021-07-28,4.5943,3.9115,0.1762,1.0
2021-07-29,4.6152,3.7964,0.1814,1.0
2021-07-30,4.572,4.0338,0.1783,1.0
2021-07-31,4.529,3.8481,0.1781,1.0
2021-08-01,4.598,3.6884,0.1758,1.0
2021-08-02,4.4859,3.945,0.1841,1.0
2021-08-03,4.5437,3.8331,0.1792,1.0
2021-08-04,4.6197,3.7573,0.1797,1.0
2021-08-05,4.6085,3.9001,0.1796,1.0
2021-08-06,4.6101,3.5797,0.181,1.0
2021-08-07,4.5108,3.6669,0.1805,1.0
2021-08-08,4.6324,3.8363,0.1819,1.0
2021-08-09,4.6467,3.9815,0.1839,1.0
2021-08-10,4.5945,3.8575,0.1742,1.0
2021-08-11,4.5352,3.7657,0.1855,1.0
2021-08-12,4.5394,3.8623,0.1807,1.0
2021-08-13,4.5526,4.0195,0.1771,1.0
2021-08-14,4.5617,3.7758,0.175,1.0
2021-08-15,4.5133,3.8463,0.1777,1.0
2021-08-16,4.5085,3.7094,0.1788,1.0
2021-08-17,4.4597,3.926,0.1792,1.0
2021-08-18,4.4625,3.8191,0.1767,1.0
2021-08-19,4.5692,3.984,0.1734,1.0
2021-08-20,4.5569,3.834,0.181,1.0
2021-08-21,4.5628,3.7748,0.178,1.0
2021-08-22,4.5022,3.9576,0.1791,1.0
2021-08-23,4.6641,3.8439,0.1769,1.0
2021-08-24,4.4592,3.6697,0.1742,1.0
2021-08-25,4.566,3.9009,0.1743,1.0
2021-08-26,4.6037,3.8017,0.1794,1.0
2021-08-27,4.6467,3.9397,0.1782,1.0
2021-08-28,4.4965,3.6348,0.1768,1.0
2021-08-29,4.5373,3.7513,0.1786,1.0
2021-08-30,4.5546,3.8275,0.177,1.0
2021-08-31,4.5601,3.8942,0.1757,1.0
2021-09-01,4.6347,3.8401,0.1791,1.0
2021-09-02,4.5925,3.8733,0.1819,1.0
2021-09-03,4.5672,3.7888,0.1801,1.0
2021-09-04,4.4814,3.8609,0.1789,1.0
2021-09-05,4.5375,3.8371,0.1734,1.0
2021-09-06,4.5171,3.8593,0.1795,1.0
2021-09-07,4.4883,3.9766,0.1764,1.0
2021-09-08,4.6082,3.8927,0.1771,1.0
2021-09-09,4.6565,3.7306,0.1818,1.0
2021-09-10,4.61,3.7829,0.1832,1.0
2021-09-11,4.535,3.8789,0.1798,1.0
2021-09-12,4.5419,3.9311,0.1814,1.0
2021-09-13,4.4451,3.9804,0.174,1.0
2021-09-14,4.612,3.9627,0.1757,1.0
2021-09-15,4.5254,3.7394,0.1784,1.0
2021-09-16,4.5315,3.928,0.1829,1.0
2021-09-17,4.6337,3.7938,0.1784,1.0
2021-09-18,4.449,3.7694,0.1819,1.0
2021-09-19,4.6469,3.7266,0.1772,1.0
2021-09-20,4.5484,3.878,0.1766,1.0
2021-09-21,4.5754,3.8026,0.179,1.0
2021-09-22,4.5828,3.8506,0.1777,1.0
2021-09-23,4.5434,3.8412,0.1779,1.0
2021-09-24,4.5345,4.0099,0.1807,1.0
2021-09-25,4.5323,3.9197,0.178,1.0
2021-09-26,4.6204,3.887,0.1787,1.0
2021-09-27,4.5769,3.6929,0.1756,1.0
2021-09-28,4.4784,3.8643,0.1842,1.0
2021-09-29,4.6839,3.9138,0.1805,1.0
2021-09-30,4.4419,3.7957,0.1766,1.0
2021-10-01,4.5127,3.8332,0.1776,1.0
2021-10-02,4.4312,3.9248,0.1758,1.0
2021-10-03,4.5644,4.0574,0.1762,1.0
2021-10-04,4.3982,3.8214,0.1823,1.0
2021-10-05,4.6675,3.727,0.1805,1.0
2021-10-06,4.5221,3.8394,0.1869,1.0
2021-10-07,4.4598,3.8754,0.1804,1.0
2021-10-08,4.6151,3.8598,0.1799,1.0
2021-10-09,4.5265,3.8769,0.178,1.0
2021-10-10,4.5873,3.813,0.1801,1.0
2021-10-11,4.5482,3.9626,0.1788,1.0
2021-10-12,4.4436,3.9762,0.1763,1.0
2021-10-13,4.5108,3.7904,0.1831,1.0
2021-10-14,4.4219,4.1638,0.1822,1.0
2021-10-15,4.5634,3.8445,0.1799,1.0
2021-10-16,4.5813,3.9145,0.1807,1.0
2021-10-17,4.5554,3.8303,0.1785,1.0
2021-10-18,4.5383,3.9634,0.1808,1.0
2021-10-19,4.3736,3.9156,0.1796,1.0
2021-10-20,4.5489,3.8111,0.1824,1.0
2021-10-21,4.6069,3.7727,0.1802,1.0
2021-10-22,4.4917,3.712,0.1771,1.0
2021-10-23,4.6017,3.9453,0.1805,1.0
2021-10-24,4.5935,3.9016,0.1771,1.0
2021-10-25,4.5759,3.93,0.1813,1.0
2021-10-26,4.6213,3.9208,0.1801,1.0
2021-10-27,4.6142,3.8473,0.1764,1.0
2021-10-28,4.5402,3.7755,0.177,1.0
2021-10-29,4.5413,3.7708,0.1781,1.0
2021-10-30,4.4364,3.8713,0.179,1.0
2021-10-31,4.501,3.9159,0.1818,1.0
2021-11-01,4.4535,3.7737,0.1767,1.0
2021-11-02,4.4936,3.9329,0.1784,1.0
2021-11-03,4.5341,3.6496,0.1809,1.0
2021-11-04,4.4756,3.856,0.1798,1.0
2021-11-05,4.6316,3.7191,0.1699,1.0
2021-11-06,4.561,4.0301,0.1827,1.0
2021-11-07,4.5626,3.8008,0.1814,1.0
2021-11-08,4.4916,3.8976,0.1805,1.0
2021-11-09,4.6136,4.126,0.1802,1.0
2021-11-10,4.5195,3.8474,0.1737,1.0
2021-11-11,4.5083,3.8091,0.1774,1.0
2021-11-12,4.5591,3.7678,0.1824,1.0
2021-11-13,4.55,3.8491,0.178,1.0
2021-11-14,4.5593,3.9325,0.1764,1.0
2021-11-15,4.5105,3.8196,0.175,1.0
2021-11-16,4.5008,3.8024,0.1816,1.0
2021-11-17,4.5658,3.8694,0.1816,1.0
2021-11-18,4.5418,3.889,0.1787,1.0
2021-11-19,4.5659,3.7917,0.1717,1.0
2021-11-20,4.5419,3.9923,0.1818,1.0
2021-11-21,4.6079,3.9736,0.1793,1.0
2021-11-22,4.5618,3.7882,0.1781,1.0
2021-11-23,4.5869,3.9704,0.1786,1.0
2021-11-24,4.523,3.8501,0.1808,1.0
2021-11-25,4.4634,3.6204,0.1773,1.0
2021-11-26,4.4768,3.7992,0.1786,1.0
2021-11-27,4.5228,3.9952,0.18,1.0
2021-11-28,4.568,3.9122,0.1756,1.0
2021-11-29,4.6123,3.8424,0.181,1.0
2021-11-30,4.4857,3.6946,0.1815,1.0
2021-12-01,4.5726,3.7598,0.1764,1.0
2021-12-02,4.6175,3.7311,0.1839,1.0
2021-12-03,4.496,3.9138,0.178,1.0
2021-12-04,4.5862,3.7956,0.1785,1.0
2021-12-05,4.5525,3.7498,0.1812,1.0
2021-12-06,4.5192,3.8271,0.176,1.0
2021-12-07,4.3963,3.8309,0.1862,1.0
2021-12-08,4.5971,3.8481,0.1782,1.0
2021-12-09,4.5513,3.9047,0.1755,1.0
2021-12-10,4.6169,3.9215,0.1812,1.0
2021-12-11,4.5763,3.852,0.181,1.0
2021-12-12,4.5855,3.8146,0.1773,1.0
2021-12-13,4.5561,4.0049,0.1753,1.0
2021-12-14,4.4619,3.8665,0.1792,1.0
2021-12-15,4.5604,3.8744,0.1783,1.0
2021-12-16,4.6394,3.6899,0.1765,1.0
2021-12-17,4.5438,3.6857,0.1785,1.0
2021-12-18,4.6497,3.8521,0.1797,1.0
2021-12-19,4.4744,3.7884,0.1779,1.0
2021-12-20,4.5309,3.9782,0.1807,1.0
2021-12-21,4.4833,3.8747,0.1805,1.0
2021-12-22,4.6184,4.0081,0.176,1.0
2021-12-23,4.5013,3.7242,0.1783,1.0
2021-12-24,4.578,3.9487,0.1788,1.0
2021-12-25,4.5308,3.8652,0.1765,1.0
2021-12-26,4.6754,3.6892,0.1796,1.0
2021-12-27,4.6714,3.8507,0.1784,1.0
2021-12-28,4.5286,3.832,0.1831,1.0
2021-12-29,4.4173,4.0033,0.1747,1.0
2021-12-30,4.534,3.8071,0.1808,1.0
2021-12-31,4.4541,3.8962,0.1851,1.0
2022-01-01,4.5573,4.3766,0.1817,1.0
2022-01-02,4.7183,4.3527,0.1818,1.0
2022-01-03,4.7239,4.6026,0.184,1.0
2022-01-04,4.7448,4.1689,0.1802,1.0
2022-01-05,4.7225,4.5578,0.1868,1.0
2022-01-06,4.6518,4.3499,0.1787,1.0
2022-01-07,4.7344,4.4735,0.1827,1.0
2022-01-08,4.6377,4.3872,0.1828,1.0
2022-01-09,4.674,4.644,0.1838,1.0
2022-01-10,4.6477,4.2593,0.1887,1.0
2022-01-11,4.6637,4.2591,0.1916,1.0
2022-01-12,4.8078,4.2659,0.1757,1.0
2022-01-13,4.7707,4.2542,0.189,1.0
2022-01-14,4.5027,4.475,0.1789,1.0
2022-01-15,4.7458,4.352,0.1802,1.0
2022-01-16,4.6434,4.4461,0.1855,1.0
2022-01-17,4.7326,4.6267,0.1772,1.0
2022-01-18,4.8255,4.3646,0.1805,1.0
2022-01-19,4.5603,4.3235,0.1896,1.0
2022-01-20,4.6685,4.5616,0.1777,1.0
2022-01-21,4.6789,4.1747,0.1868,1.0
2022-01-22,4.7598,4.2911,0.172,1.0
2022-01-23,4.6979,4.4111,0.187,1.0
2022-01-24,4.7912,4.2001,0.1884,1.0
2022-01-25,4.7873,4.101,0.1866,1.0
2022-01-26,4.6346,4.3386,0.1867,1.0
2022-01-27,4.6361,4.2554,0.1852,1.0
2022-01-28,4.5821,4.198,0.1884,1.0
2022-01-29,4.5766,4.4433,0.1873,1.0
2022-01-30,4.5247,4.2551,0.191,1.0
2022-01-31,4.5917,4.285,0.1873,1.0
2022-02-01,4.7505,4.3148,0.182,1.0
2022-02-02,4.808,4.5934,0.1899,1.0
2022-02-03,4.6877,4.2368,0.1808,1.0
2022-02-04,4.727,4.4086,0.192,1.0
2022-02-05,4.7385,4.1396,0.1903,1.0
2022-02-06,4.5902,4.2962,0.1863,1.0
2022-02-07,4.8596,4.7854,0.188,1.0
2022-02-08,4.6635,4.4248,0.1894,1.0
2022-02-09,4.6511,4.6013,0.1862,1.0
2022-02-10,4.7248,4.4432,0.1871,1.0
2022-02-11,4.7555,4.2636,0.1822,1.0
2022-02-12,4.581,4.4115,0.1889,1.0
2022-02-13,4.7212,4.5844,0.185,1.0
2022-02-14,4.7402,4.1972,0.1831,1.0
2022-02-15,4.7426,4.4689,0.1835,1.0
2022-02-16,4.6736,4.1375,0.1832,1.0
2022-02-17,4.7601,4.4305,0.1875,1.0
2022-02-18,4.6845,4.351,0.1817,1.0
2022-02-19,4.7429,4.4089,0.1875,1.0
2022-02-20,4.6327,4.0485,0.1905,1.0
2022-02-21,4.6369,4.2292,0.1885,1.0
2022-02-22,4.6447,4.4984,0.1881,1.0
2022-02-23,4.7415,4.1588,0.1911,1.0
2022-02-24,4.7035,4.2983,0.1857,1.0
2022-02-25,4.5201,4.4072,0.1799,1.0
2022-02-26,4.5583,4.1369,0.1906,1.0
2022-02-27,4.6234,4.5647,0.1823,1.0
2022-02-28,4.5263,4.1937,0.1912,1.0
2022-03-01,4.666,4.2732,0.1858,1.0
2022-03-02,4.7252,4.5064,0.1922,1.0
2022-03-03,4.6476,4.1644,0.1829,1.0
2022-03-04,4.7034,4.2151,0.1802,1.0
2022-03-05,4.7109,4.3432,0.1852,1.0
2022-03-06,4.6117,4.3177,0.1804,1.0
2022-03-07,4.7601,4.4949,0.1758,1.0
2022-03-08,4.5963,4.1405,0.1817,1.0
2022-03-09,4.6725,4.147,0.1804,1.0
2022-03-10,4.5896,4.379,0.1853,1.0
2022-03-11,4.615,4.3748,0.1823,1.0
2022-03-12,4.6556,4.5843,0.1917,1.0
2022-03-13,4.563,4.4662,0.1891,1.0
2022-03-14,4.5767,4.4646,0.1927,1.0
2022-03-15,4.579,4.2215,0.1901,1.0
2022-03-16,4.7044,4.4272,0.1867,1.0
2022-03-17,4.7152,4.1643,0.1902,1.0
2022-03-18,4.7853,4.3179,0.1848,1.0
2022-03-19,4.5422,4.422,0.1879,1.0
2022-03-20,4.6744,4.5074,0.1833,1.0
2022-03-21,4.7308,4.2072,0.1849,1.0
2022-03-22,4.6643,4.3815,0.1832,1.0
2022-03-23,4.6682,4.4656,0.1828,1.0
2022-03-24,4.5354,4.5949,0.1919,1.0
2022-03-25,4.5637,4.4466,0.1825,1.0
2022-03-26,4.7037,4.3912,0.1838,1.0
2022-03-27,4.6095,4.2533,0.1804,1.0
2022-03-28,4.6051,4.3406,0.1814,1.0
2022-03-29,4.7414,4.5582,0.1821,1.0
2022-03-30,4.7015,4.42,0.1874,1.0
2022-03-31,4.6868,4.454,0.1874,1.0
2022-04-01,4.5686,4.4717,0.1894,1.0
2022-04-02,4.6113,4.3553,0.1884,1.0
2022-04-03,4.6612,4.5002,0.1968,1.0
2022-04-04,4.6093,4.1567,0.1865,1.0
2022-04-05,4.7449,4.3177,0.1923,1.0
2022-04-06,4.5595,4.447,0.182,1.0
2022-04-07,4.8347,4.629,0.1812,1.0
2022-04-08,4.6305,4.4703,0.1831,1.0
2022-04-09,4.6759,4.3536,0.1754,1.0
2022-04-10,4.6788,4.2534,0.1825,1.0
2022-04-11,4.8099,4.1741,0.1891,1.0
2022-04-12,4.6549,4.3108,0.189,1.0
2022-04-13,4.7106,4.4299,0.1898,1.0
2022-04-14,4.6502,4.2643,0.1796,1.0
2022-04-15,4.6057,4.7629,0.1912,1.0
2022-04-16,4.5584,4.1649,0.1874,1.0
2022-04-17,4.7293,4.4268,0.1837,1.0
2022-04-18,4.6687,4.3959,0.1854,1.0
2022-04-19,4.4803,4.3178,0.1807,1.0
2022-04-20,4.6958,4.7679,0.1868,1.0
2022-04-21,4.6518,4.4791,0.1874,1.0
2022-04-22,4.7178,4.435,0.1953,1.0
2022-04-23,4.5782,4.4163,0.1804,1.0
2022-04-24,4.73,4.2214,0.1829,1.0
2022-04-25,4.6534,4.4866,0.1896,1.0
2022-04-26,4.5679,4.3577,0.1815,1.0
2022-04-27,4.5667,4.3196,0.1835,1.0
2022-04-28,4.8984,4.4106,0.1781,1.0
2022-04-29,4.6292,4.493,0.1954,1.0
2022-04-30,4.5373,4.0868,0.1944,1.0
2022-05-01,4.7151,4.2284,0.1877,1.0
2022-05-02,4.4428,4.3505,0.1866,1.0
2022-05-03,4.7632,4.2081,0.1854,1.0
2022-05-04,4.5967,4.3858,0.1805,1.0
2022-05-05,4.6433,4.2106,0.1883,1.0
2022-05-06,4.7573,4.3172,0.1852,1.0
2022-05-07,4.5496,4.308,0.1847,1.0
2022-05-08,4.9159,4.1943,0.1923,1.0
2022-05-09,4.7697,4.3893,0.1938,1.0
2022-05-10,4.7135,4.4045,0.1847,1.0
2022-05-11,4.7901,4.5035,0.1819,1.0
2022-05-12,4.5613,4.3216,0.181,1.0
2022-05-13,4.6743,4.5232,0.1827,1.0
2022-05-14,4.6761,4.3581,0.1892,1.0
2022-05-15,4.4778,4.2651,0.1861,1.0
2022-05-16,4.788,4.2811,0.1756,1.0
2022-05-17,4.7358,4.261,0.1791,1.0
2022-05-18,4.6238,4.3242,0.182,1.0
2022-05-19,4.4815,4.4756,0.1914,1.0
2022-05-20,4.7386,4.1907,0.184,1.0
2022-05-21,4.6794,4.4338,0.1883,1.0
2022-05-22,4.6139,4.3615,0.1873,1.0
2022-05-23,4.811,4.4486,0.1889,1.0
2022-05-24,4.6875,4.5475,0.187,1.0
2022-05-25,4.6025,4.5465,0.1885,1.0
2022-05-26,4.6401,4.2829,0.1865,1.0
2022-05-27,4.7217,4.3776,0.1866,1.0
2022-05-28,4.833,4.5,0.186,1.0
2022-05-29,4.7647,4.2054,0.187,1.0
2022-05-30,4.8428,4.3195,0.1808,1.0
2022-05-31,4.6213,4.1975,0.1811,1.0
2022-06-01,4.6467,4.1532,0.1851,1.0
2022-06-02,4.7612,4.2229,0.1926,1.0
2022-06-03,4.726,4.4943,0.1817,1.0
2022-06-04,4.7569,4.1971,0.1895,1.0
2022-06-05,4.6955,4.4275,0.1791,1.0
2022-06-06,4.5994,4.4336,0.1803,1.0
2022-06-07,4.7217,4.1586,0.1892,1.0
2022-06-08,4.5691,4.4273,0.1881,1.0
2022-06-09,4.6173,4.4315,0.1863,1.0
2022-06-10,4.6315,4.2088,0.1752,1.0
2022-06-11,4.7115,4.1309,0.1855,1.0
2022-06-12,4.6563,4.4451,0.1835,1.0
2022-06-13,4.6503,4.4525,0.1867,1.0
2022-06-14,4.7085,4.4157,0.1773,1.0
2022-06-15,4.7481,4.4357,0.1799,1.0
2022-06-16,4.658,4.3445,0.1843,1.0
2022-06-17,4.71,4.5504,0.1904,1.0
2022-06-18,4.5619,4.4371,0.1916,1.0
2022-06-19,4.7148,4.5027,0.1951,1.0
2022-06-20,4.7721,4.3849,0.1902,1.0
2022-06-21,4.693,4.3533,0.1832,1.0
2022-06-22,4.8207,4.2354,0.1927,1.0
2022-06-23,4.725,4.1541,0.1868,1.0
2022-06-24,4.491,4.4376,0.1894,1.0
2022-06-25,4.6267,4.3673,0.1948,1.0
2022-06-26,4.6345,4.2018,0.1924,1.0
2022-06-27,4.8566,4.3505,0.1901,1.0
2022-06-28,4.8007,4.2461,0.1826,1.0
2022-06-29,4.7908,4.5859,0.1878,1.0
2022-06-30,4.6008,4.6282,0.1823,1.0
2022-07-01,4.6498,4.3979,0.1928,1.0
2022-07-02,4.7569,4.4081,0.1873,1.0
2022-07-03,4.6839,4.4281,0.1724,1.0
2022-07-04,4.6533,4.3838,0.1792,1.0
2022-07-05,4.7148,4.3214,0.1938,1.0
2022-07-06,4.8216,4.2848,0.1842,1.0
2022-07-07,4.6733,4.2868,0.186,1.0
2022-07-08,4.6118,4.1917,0.1881,1.0
2022-07-09,4.7367,4.2374,0.1895,1.0
2022-07-10,4.6232,4.3854,0.1891,1.0
2022-07-11,4.677,4.4137,0.1824,1.0
2022-07-12,4.6623,4.3212,0.1813,1.0
2022-07-13,4.6641,4.1332,0.1825,1.0
2022-07-14,4.6544,4.3141,0.1838,1.0
2022-07-15,4.6744,4.4171,0.1894,1.0
2022-07-16,4.6215,4.1816,0.1798,1.0
2022-07-17,4.6362,4.3007,0.1812,1.0
2022-07-18,4.5633,4.2861,0.1859,1.0
2022-07-19,4.7336,4.272,0.1829,1.0
2022-07-20,4.5966,4.3456,0.1808,1.0
2022-07-21,4.7316,4.1,0.1832,1.0
2022-07-22,4.7071,4.3757,0.1985,1.0
2022-07-23,4.7115,4.2094,0.1845,1.0
2022-07-24,4.5201,4.3387,0.1808,1.0
2022-07-25,4.7624,4.2731,0.1844,1.0
2022-07-26,4.6228,4.5934,0.1834,1.0
2022-07-27,4.8449,4.464,0.1874,1.0
2022-07-28,4.7132,4.4051,0.1754,1.0
2022-07-29,4.6549,4.4683,0.1848,1.0
2022-07-30,4.5535,4.3427,0.1935,1.0
2022-07-31,4.7922,4.3413,0.1898,1.0
2022-08-01,4.647,4.1115,0.1804,1.0
2022-08-02,4.8207,4.3116,0.1838,1.0
2022-08-03,4.653,4.6166,0.1931,1.0
2022-08-04,4.8797,4.3277,0.1865,1.0
2022-08-05,4.5435,4.5568,0.1792,1.0
2022-08-06,4.6995,4.1964,0.1821,1.0
2022-08-07,4.6046,4.2649,0.1823,1.0
2022-08-08,4.6307,4.4667,0.1795,1.0
2022-08-09,4.6998,4.5205,0.1824,1.0
2022-08-10,4.6154,4.3177,0.1909,1.0
2022-08-11,4.6975,4.2756,0.1874,1.0
2022-08-12,4.5808,4.4454,0.187,1.0
2022-08-13,4.6523,4.2326,0.1806,1.0
2022-08-14,4.7281,4.5221,0.1818,1.0
2022-08-15,4.7213,4.0578,0.1821,1.0
2022-08-16,4.6772,4.2226,0.1803,1.0
2022-08-17,4.6199,4.3909,0.1841,1.0
2022-08-18,4.4786,4.0531,0.182,1.0
2022-08-19,4.7212,3.9653,0.1825,1.0
2022-08-20,4.6326,4.5444,0.1831,1.0
2022-08-21,4.7145,4.3698,0.1743,1.0
2022-08-22,4.7491,4.3802,0.1875,1.0
2022-08-23,5.0334,4.0582,0.1936,1.0
2022-08-24,4.6541,4.3902,0.1848,1.0
2022-08-25,4.6418,4.2702,0.1866,1.0
2022-08-26,4.5435,4.4551,0.1829,1.0
2022-08-27,4.5783,4.287,0.1913,1.0
2022-08-28,4.6318,4.4002,0.1813,1.0
2022-08-29,4.7482,4.446,0.1942,1.0
2022-08-30,4.6642,4.4436,0.1855,1.0
2022-08-31,4.7966,4.2494,0.1887,1.0
2022-09-01,4.6625,4.341,0.1855,1.0
2022-09-02,4.7027,4.3337,0.1861,1.0
2022-09-03,4.822,4.488,0.1893,1.0
2022-09-04,4.639,4.2255,0.1898,1.0
2022-09-05,4.7588,4.5562,0.182,1.0
2022-09-06,4.6593,4.1205,0.183,1.0
2022-09-07,4.7697,4.2847,0.1882,1.0
2022-09-08,4.6629,4.3954,0.1793,1.0
2022-09-09,4.6877,3.9312,0.1841,1.0
2022-09-10,4.5333,4.5188,0.1889,1.0
2022-09-11,4.722,4.5629,0.1803,1.0
2022-09-12,4.8373,4.4805,0.1838,1.0
2022-09-13,4.7822,4.1951,0.1809,1.0
2022-09-14,4.6252,4.2759,0.1797,1.0
2022-09-15,4.7901,4.3138,0.1868,1.0
2022-09-16,4.6287,4.0951,0.1864,1.0
2022-09-17,4.5079,4.3404,0.1782,1.0
2022-09-18,4.8589,4.4776,0.1855,1.0
2022-09-19,4.7937,4.2315,0.1877,1.0
2022-09-20,4.698,4.387,0.1914,1.0
2022-09-21,4.7459,4.3904,0.1767,1.0
2022-09-22,4.5936,4.3328,0.1855,1.0
2022-09-23,4.5783,4.6876,0.1926,1.0
2022-09-24,4.7342,4.3601,0.1839,1.0
2022-09-25,4.5943,4.3608,0.1863,1.0
2022-09-26,4.5682,4.3968,0.1842,1.0
2022-09-27,4.5083,4.2295,0.1829,1.0
2022-09-28,4.8499,4.4279,0.1783,1.0
2022-09-29,4.7237,4.1334,0.1904,1.0
2022-09-30,4.6376,4.3369,0.1916,1.0
2022-10-01,4.5642,4.1544,0.1821,1.0
2022-10-02,4.7735,4.1373,0.1708,1.0
2022-10-03,4.6394,4.4272,0.191,1.0
2022-10-04,4.6383,4.2924,0.1908,1.0
2022-10-05,4.5117,4.2956,0.186,1.0
2022-10-06,4.7204,4.2786,0.1852,1.0
2022-10-07,4.4561,4.2578,0.1873,1.0
2022-10-08,4.5916,4.3583,0.1872,1.0
2022-10-09,4.6492,4.3739,0.1802,1.0
2022-10-10,4.6614,4.4354,0.1858,1.0
2022-10-11,4.6272,4.3814,0.1886,1.0
2022-10-12,4.4955,4.5123,0.1833,1.0
2022-10-13,4.7183,4.5176,0.1781,1.0
2022-10-14,4.6162,4.3096,0.1811,1.0
2022-10-15,4.8361,4.2301,0.1822,1.0
2022-10-16,4.6984,4.1817,0.183,1.0
2022-10-17,4.7086,4.3034,0.1845,1.0
2022-10-18,4.6324,4.138,0.1866,1.0
2022-10-19,4.8379,4.3526,0.1861,1.0
2022-10-20,4.7423,4.1723,0.1935,1.0
2022-10-21,4.6982,4.5785,0.1813,1.0
2022-10-22,4.8436,4.4585,0.1878,1.0
2022-10-23,4.7011,4.3152,0.191,1.0
2022-10-24,4.6926,4.0746,0.1794,1.0
2022-10-25,4.6633,4.3934,0.1847,1.0
2022-10-26,4.7897,4.0768,0.1857,1.0
2022-10-27,4.5164,4.4564,0.1845,1.0
2022-10-28,4.7178,4.2291,0.1914,1.0
2022-10-29,4.7738,4.4317,0.1844,1.0
2022-10-30,4.7322,4.251,0.1893,1.0
2022-10-31,4.8285,4.4999,0.1814,1.0
2022-11-01,4.7125,4.169,0.1879,1.0
2022-11-02,4.7206,4.0882,0.1792,1.0
2022-11-03,4.6545,4.3079,0.179,1.0
2022-11-04,4.715,4.3852,0.184,1.0
2022-11-05,4.612,4.4968,0.1933,1.0
2022-11-06,4.6365,4.2643,0.1875,1.0
2022-11-07,4.6478,4.3305,0.1887,1.0
2022-11-08,4.5082,4.5346,0.1854,1.0
2022-11-09,4.643,4.3375,0.1848,1.0
2022-11-10,4.5242,4.5593,0.1852,1.0
2022-11-11,4.7199,4.4832,0.1799,1.0
2022-11-12,4.7226,4.3125,0.1892,1.0
2022-11-13,4.4885,4.3361,0.182,1.0
2022-11-14,4.7189,4.4158,0.1815,1.0
2022-11-15,4.6159,4.3345,0.1805,1.0
2022-11-16,4.7558,4.2983,0.1705,1.0
2022-11-17,4.6463,4.2046,0.1768,1.0
2022-11-18,4.5686,4.3653,0.1916,1.0
2022-11-19,4.7082,4.2651,0.1873,1.0
2022-11-20,4.6387,4.2528,0.1792,1.0
2022-11-21,4.5223,4.2954,0.1858,1.0
2022-11-22,4.6713,4.2918,0.1803,1.0
2022-11-23,4.7347,4.1656,0.1889,1.0
2022-11-24,4.5898,4.2447,0.1777,1.0
2022-11-25,4.6349,4.4865,0.1876,1.0
2022-11-26,4.7681,4.4231,0.1795,1.0
2022-11-27,4.6502,4.2408,0.1917,1.0
2022-11-28,4.5723,4.4751,0.1895,1.0
2022-11-29,4.8447,4.2926,0.1886,1.0
2022-11-30,4.8853,4.2635,0.1773,1.0
2022-12-01,4.5108,4.4498,0.1756,1.0
2022-12-02,4.6465,4.4112,0.1859,1.0
2022-12-03,4.7183,4.3811,0.1914,1.0
2022-12-04,4.5943,4.2552,0.1811,1.0
2022-12-05,4.7547,4.4761,0.1873,1.0
2022-12-06,4.7865,4.1851,0.1933,1.0
2022-12-07,4.8171,4.453,0.1939,1.0
2022-12-08,4.5309,4.2766,0.1813,1.0
2022-12-09,4.7449,4.203,0.1888,1.0
2022-12-10,4.8033,4.4473,0.1864,1.0
2022-12-11,4.5911,4.2314,0.1912,1.0
2022-12-12,4.7501,4.3445,0.1829,1.0
2022-12-13,4.4977,4.2001,0.1946,1.0
2022-12-14,4.5648,4.3765,0.19,1.0
2022-12-15,4.5671,4.3759,0.1897,1.0
2022-12-16,4.6811,4.7516,0.1767,1.0
2022-12-17,4.7753,4.3258,0.1889,1.0
2022-12-18,4.7197,4.2474,0.1861,1.0
2022-12-19,4.5128,4.4345,0.1865,1.0
2022-12-20,4.7375,4.4981,0.1868,1.0
2022-12-21,4.6933,4.2267,0.1814,1.0
2022-12-22,4.7868,4.5511,0.1838,1.0
2022-12-23,4.6841,4.2234,0.1909,1.0
2022-12-24,4.7399,4.6218,0.1806,1.0
2022-12-25,4.646,4.3824,0.1882,1.0
2022-12-26,4.6606,4.2278,0.1894,1.0
2022-12-27,4.7449,4.2217,0.1918,1.0
2022-12-28,4.7853,4.3688,0.1854,1.0
2022-12-29,4.7299,4.2294,0.1852,1.0
2022-12-30,4.4863,4.4727,0.1772,1.0
2022-12-31,4.8153,4.3038,0.1839,1.0
2023-01-01,4.5061,4.0683,0.1877,1.0
2023-01-02,4.3759,4.2405,0.1834,1.0
2023-01-03,4.4655,3.9817,0.1887,1.0
2023-01-04,4.4838,3.9731,0.1865,1.0
2023-01-05,4.5737,3.9968,0.1829,1.0
2023-01-06,4.4782,4.2211,0.1862,1.0
2023-01-07,4.5872,4.1398,0.189,1.0
2023-01-08,4.55,3.97,0.1838,1.0
2023-01-09,4.696,3.9884,0.1806,1.0
2023-01-10,4.5792,4.0941,0.1781,1.0
2023-01-11,4.6285,4.3552,0.1828,1.0
2023-01-12,4.4867,3.9296,0.183,1.0
2023-01-13,4.6273,4.1523,0.182,1.0
2023-01-14,4.5088,3.9799,0.1853,1.0
2023-01-15,4.614,3.93,0.1884,1.0
2023-01-16,4.5902,4.254,0.1766,1.0
2023-01-17,4.4544,4.0836,0.184,1.0
2023-01-18,4.6757,4.1777,0.181,1.0
2023-01-19,4.4782,4.2353,0.1781,1.0
2023-01-20,4.664,4.0687,0.1884,1.0
2023-01-21,4.5975,4.0849,0.1799,1.0
2023-01-22,4.5261,4.1471,0.1823,1.0
2023-01-23,4.5084,4.0818,0.1823,1.0
2023-01-24,4.401,4.1504,0.1781,1.0
2023-01-25,4.4693,3.9144,0.1748,1.0
2023-01-26,4.4551,4.022,0.1898,1.0
2023-01-27,4.5132,4.1196,0.1836,1.0
2023-01-28,4.5592,4.0915,0.1772,1.0
2023-01-29,4.6516,4.2988,0.1753,1.0
2023-01-30,4.4783,4.0692,0.1781,1.0
2023-01-31,4.5854,4.0199,0.1907,1.0
2023-02-01,4.6333,4.1234,0.1861,1.0
2023-02-02,4.6274,4.038,0.1787,1.0
2023-02-03,4.5555,4.1948,0.1826,1.0
2023-02-04,4.4396,4.0117,0.1817,1.0
2023-02-05,4.5447,4.317,0.1765,1.0
2023-02-06,4.5854,4.2638,0.1911,1.0
2023-02-07,4.5217,4.1541,0.1843,1.0
2023-02-08,4.5637,4.0891,0.1837,1.0
2023-02-09,4.3727,4.175,0.1825,1.0
2023-02-10,4.5344,4.3252,0.1793,1.0
2023-02-11,4.5218,4.3191,0.1787,1.0
2023-02-12,4.5115,4.0838,0.1854,1.0
2023-02-13,4.5645,3.9578,0.1799,1.0
2023-02-14,4.5075,4.0915,0.1837,1.0
2023-02-15,4.5793,3.9046,0.1863,1.0
2023-02-16,4.5677,4.2523,0.1838,1.0
2023-02-17,4.6271,4.1513,0.1874,1.0
2023-02-18,4.5866,4.0892,0.1911,1.0
2023-02-19,4.6122,4.1631,0.1769,1.0
2023-02-20,4.4598,4.1322,0.1826,1.0
2023-02-21,4.507,4.1155,0.1884,1.0
2023-02-22,4.5987,3.9745,0.1816,1.0
2023-02-23,4.4937,4.0574,0.1803,1.0
2023-02-24,4.5166,3.9619,0.1815,1.0
2023-02-25,4.5108,3.7778,0.1902,1.0
2023-02-26,4.6262,4.0586,0.1821,1.0
2023-02-27,4.468,4.2865,0.1896,1.0
2023-02-28,4.561,4.2126,0.1827,1.0
2023-03-01,4.4564,4.0547,0.1825,1.0
2023-03-02,4.5182,4.0759,0.1816,1.0
2023-03-03,4.5443,4.1057,0.1778,1.0
2023-03-04,4.4998,3.9587,0.1859,1.0
2023-03-05,4.4026,4.2269,0.1875,1.0
2023-03-06,4.5288,3.8137,0.1806,1.0
2023-03-07,4.5455,3.9888,0.1799,1.0
2023-03-08,4.6571,4.1731,0.1783,1.0
2023-03-09,4.4382,4.064,0.1811,1.0
2023-03-10,4.5847,4.0411,0.184,1.0
2023-03-11,4.6855,4.1897,0.1818,1.0
2023-03-12,4.5372,4.0608,0.1867,1.0
2023-03-13,4.5061,4.105,0.1822,1.0
2023-03-14,4.5149,3.949,0.1833,1.0
2023-03-15,4.5457,4.155,0.1799,1.0
2023-03-16,4.6355,4.0036,0.1888,1.0
2023-03-17,4.4277,4.1478,0.1839,1.0
2023-03-18,4.4943,4.1467,0.1871,1.0
2023-03-19,4.3948,4.1553,0.172,1.0
2023-03-20,4.4824,4.2792,0.1797,1.0
2023-03-21,4.4678,4.0782,0.1903,1.0
2023-03-22,4.4218,3.9844,0.188,1.0
2023-03-23,4.68,4.0886,0.177,1.0
2023-03-24,4.6967,4.2754,0.1847,1.0
2023-03-25,4.4931,4.0946,0.1814,1.0
2023-03-26,4.5732,4.2596,0.1855,1.0
2023-03-27,4.4746,4.2514,0.1833,1.0
2023-03-28,4.5981,4.2613,0.1776,1.0
2023-03-29,4.5475,4.0415,0.1757,1.0
2023-03-30,4.5743,4.3763,0.1746,1.0
2023-03-31,4.5477,4.1705,0.1825,1.0
2023-04-01,4.5421,3.9571,0.1829,1.0
2023-04-02,4.497,3.8591,0.1868,1.0
2023-04-03,4.6171,4.1057,0.1829,1.0
2023-04-04,4.6252,4.1247,0.1856,1.0
2023-04-05,4.5292,4.2443,0.1833,1.0
2023-04-06,4.5636,3.9603,0.1831,1.0
2023-04-07,4.4918,4.0298,0.1787,1.0
2023-04-08,4.4754,4.3337,0.1873,1.0
2023-04-09,4.6844,3.9655,0.1823,1.0
2023-04-10,4.4595,4.0235,0.1783,1.0
2023-04-11,4.6368,4.0564,0.1863,1.0
2023-04-12,4.5923,4.3534,0.1761,1.0
2023-04-13,4.6381,4.2261,0.1781,1.0
2023-04-14,4.6205,4.137,0.1811,1.0
2023-04-15,4.4923,4.0209,0.1902,1.0
2023-04-16,4.55,4.186,0.1788,1.0
2023-04-17,4.4954,4.219,0.1766,1.0
2023-04-18,4.5209,4.1037,0.1824,1.0
2023-04-19,4.5375,4.1435,0.1848,1.0
2023-04-20,4.6014,3.9916,0.1809,1.0
2023-04-21,4.6336,4.1984,0.1765,1.0
2023-04-22,4.5746,3.8824,0.1822,1.0
2023-04-23,4.6828,3.9957,0.1787,1.0
2023-04-24,4.6035,3.9303,0.1795,1.0
2023-04-25,4.5918,4.0302,0.1811,1.0
2023-04-26,4.6021,4.1464,0.1831,1.0
2023-04-27,4.5263,4.1407,0.1815,1.0
2023-04-28,4.582,4.0453,0.1813,1.0
2023-04-29,4.4807,4.0961,0.1788,1.0
2023-04-30,4.472,4.1285,0.1829,1.0
2023-05-01,4.6048,4.0526,0.1836,1.0
2023-05-02,4.5886,4.1489,0.1787,1.0
2023-05-03,4.5605,4.1401,0.182,1.0
2023-05-04,4.4039,4.1177,0.1909,1.0
2023-05-05,4.5248,4.0199,0.1835,1.0
2023-05-06,4.5719,4.2312,0.177,1.0
2023-05-07,4.6012,4.1649,0.1814,1.0
2023-05-08,4.5737,4.2132,0.1855,1.0
2023-05-09,4.47,4.1902,0.1817,1.0
2023-05-10,4.5551,4.1081,0.1814,1.0
2023-05-11,4.6334,4.0908,0.1775,1.0
2023-05-12,4.5225,4.1197,0.1869,1.0
2023-05-13,4.5922,4.0064,0.1919,1.0
2023-05-14,4.5685,4.2403,0.1814,1.0
2023-05-15,4.5873,4.1923,0.1869,1.0
2023-05-16,4.624,4.1959,0.1807,1.0
2023-05-17,4.51,4.1366,0.1857,1.0
2023-05-18,4.5344,4.2172,0.1878,1.0
2023-05-19,4.4859,4.0079,0.1814,1.0
2023-05-20,4.5715,4.0423,0.1874,1.0
2023-05-21,4.5797,4.1043,0.1763,1.0
2023-05-22,4.4579,4.1309,0.1735,1.0
2023-05-23,4.6209,4.0826,0.195,1.0
2023-05-24,4.7116,4.08,0.1816,1.0
2023-05-25,4.6197,4.2873,0.1754,1.0
2023-05-26,4.425,4.0316,0.1843,1.0
2023-05-27,4.5848,4.2177,0.1772,1.0
2023-05-28,4.3879,4.1944,0.1787,1.0
2023-05-29,4.4087,4.116,0.1852,1.0
2023-05-30,4.5415,4.0496,0.1814,1.0
2023-05-31,4.5241,3.9517,0.1791,1.0
2023-06-01,4.5865,4.1354,0.1827,1.0
2023-06-02,4.4803,4.08,0.1733,1.0
2023-06-03,4.5625,4.2572,0.1761,1.0
2023-06-04,4.509,4.1362,0.187,1.0
2023-06-05,4.5186,4.0239,0.1741,1.0
2023-06-06,4.5572,4.3246,0.1831,1.0
2023-06-07,4.5484,4.1354,0.182,1.0
2023-06-08,4.4931,4.1906,0.1829,1.0
2023-06-09,4.5512,3.9927,0.1872,1.0
2023-06-10,4.5965,4.0392,0.186,1.0
2023-06-11,4.5152,4.014,0.179,1.0
2023-06-12,4.426,4.1519,0.1747,1.0
2023-06-13,4.464,3.8717,0.1817,1.0
2023-06-14,4.5395,4.0641,0.1778,1.0
2023-06-15,4.4679,4.1511,0.1798,1.0
2023-06-16,4.5721,4.0026,0.1827,1.0
2023-06-17,4.6412,4.1645,0.1804,1.0
2023-06-18,4.568,4.0735,0.182,1.0
2023-06-19,4.5272,4.0819,0.1828,1.0
2023-06-20,4.4805,3.9883,0.1764,1.0
2023-06-21,4.438,3.9661,0.1826,1.0
2023-06-22,4.4875,4.1565,0.1821,1.0
2023-06-23,4.4122,4.172,0.1852,1.0
2023-06-24,4.4804,4.1462,0.1786,1.0
2023-06-25,4.5568,3.9609,0.1748,1.0
2023-06-26,4.5232,4.0864,0.1804,1.0
2023-06-27,4.4671,4.056,0.1831,1.0
2023-06-28,4.5469,4.1201,0.1793,1.0
2023-06-29,4.632,3.9706,0.184,1.0
2023-06-30,4.6327,4.1529,0.1812,1.0
2023-07-01,4.513,4.214,0.1763,1.0
2023-07-02,4.4821,4.0563,0.187,1.0
2023-07-03,4.5766,3.9935,0.1808,1.0
2023-07-04,4.507,4.0219,0.1859,1.0
2023-07-05,4.454,4.277,0.1853,1.0
2023-07-06,4.6264,4.0491,0.1814,1.0
2023-07-07,4.4497,4.0423,0.184,1.0
2023-07-08,4.6407,3.9782,0.1805,1.0
2023-07-09,4.5394,3.9465,0.1844,1.0
2023-07-10,4.4993,4.0785,0.1802,1.0
2023-07-11,4.4947,4.0992,0.1811,1.0
2023-07-12,4.524,4.0199,0.1833,1.0
2023-07-13,4.6658,4.1154,0.186,1.0
2023-07-14,4.4527,4.1174,0.1776,1.0
2023-07-15,4.4466,4.0187,0.1868,1.0
2023-07-16,4.6165,4.1267,0.1759,1.0
2023-07-17,4.5363,4.1332,0.1827,1.0
2023-07-18,4.4209,4.0021,0.1817,1.0
2023-07-19,4.5875,3.8584,0.1814,1.0
2023-07-20,4.56,4.1935,0.1848,1.0
2023-07-21,4.5908,4.012,0.1744,1.0
2023-07-22,4.5225,4.2102,0.1876,1.0
2023-07-23,4.5997,4.1472,0.1835,1.0
2023-07-24,4.5111,4.0857,0.1887,1.0
2023-07-25,4.484,4.2776,0.1807,1.0
2023-07-26,4.6428,3.9453,0.1843,1.0
2023-07-27,4.4984,3.9443,0.1829,1.0
2023-07-28,4.6207,4.0071,0.176,1.0
2023-07-29,4.5436,4.0904,0.1842,1.0
2023-07-30,4.6165,4.0935,0.1894,1.0
2023-07-31,4.5657,4.0619,0.1756,1.0
2023-08-01,4.5316,4.063,0.1858,1.0
2023-08-02,4.5824,3.9703,0.1827,1.0
2023-08-03,4.597,4.2681,0.1856,1.0
2023-08-04,4.6033,4.1066,0.1836,1.0
2023-08-05,4.6375,3.9534,0.1806,1.0
2023-08-06,4.4959,4.1417,0.1869,1.0
2023-08-07,4.5082,3.8371,0.1804,1.0
2023-08-08,4.6139,4.1591,0.1837,1.0
2023-08-09,4.5304,3.9593,0.1841,1.0
2023-08-10,4.4916,4.3403,0.1843,1.0
2023-08-11,4.5094,4.0327,0.1816,1.0
2023-08-12,4.5332,4.2229,0.1827,1.0
2023-08-13,4.4988,4.3079,0.1822,1.0
2023-08-14,4.6038,4.0331,0.1835,1.0
2023-08-15,4.5718,3.8921,0.1901,1.0
2023-08-16,4.6403,4.0563,0.1776,1.0
2023-08-17,4.5743,4.1095,0.1834,1.0
2023-08-18,4.5634,4.1557,0.1878,1.0
2023-08-19,4.5898,3.9845,0.1875,1.0
2023-08-20,4.6648,4.4467,0.1775,1.0
2023-08-21,4.567,3.871,0.1842,1.0
2023-08-22,4.5116,4.3116,0.1789,1.0
2023-08-23,4.4318,4.0482,0.1741,1.0
2023-08-24,4.6026,3.8728,0.1821,1.0
2023-08-25,4.4046,4.0648,0.1886,1.0
2023-08-26,4.5752,4.005,0.1819,1.0
2023-08-27,4.5513,4.152,0.1765,1.0
2023-08-28,4.5915,3.8025,0.1795,1.0
2023-08-29,4.5158,4.1697,0.1821,1.0
2023-08-30,4.4516,3.9917,0.1828,1.0
2023-08-31,4.5445,4.0363,0.1801,1.0
2023-09-01,4.5987,4.0431,0.1816,1.0
2023-09-02,4.7019,3.9434,0.1746,1.0
2023-09-03,4.6049,4.0253,0.1807,1.0
2023-09-04,4.4953,4.0714,0.1884,1.0
2023-09-05,4.6061,4.1948,0.1763,1.0
2023-09-06,4.4694,3.7877,0.1788,1.0
2023-09-07,4.617,4.1569,0.1811,1.0
2023-09-08,4.5484,4.0242,0.1828,1.0
2023-09-09,4.6036,3.9223,0.1832,1.0
2023-09-10,4.6153,4.0543,0.1848,1.0
2023-09-11,4.747,4.0885,0.1836,1.0
2023-09-12,4.4983,4.1199,0.1838,1.0
2023-09-13,4.5636,3.9878,0.1828,1.0
2023-09-14,4.6524,4.1493,0.1858,1.0
2023-09-15,4.5334,4.1825,0.1831,1.0
2023-09-16,4.4834,4.135,0.178,1.0
2023-09-17,4.5057,4.1208,0.1832,1.0
2023-09-18,4.4668,4.2159,0.1843,1.0
2023-09-19,4.5007,3.9309,0.1814,1.0
2023-09-20,4.5188,4.1124,0.1805,1.0
2023-09-21,4.4095,4.0573,0.1808,1.0
2023-09-22,4.5944,4.0232,0.1887,1.0
2023-09-23,4.4162,4.2442,0.1811,1.0
2023-09-24,4.6102,4.1088,0.1866,1.0
2023-09-25,4.5229,3.9792,0.1877,1.0
2023-09-26,4.5421,4.1244,0.1869,1.0
2023-09-27,4.4778,4.1655,0.1796,1.0
2023-09-28,4.5407,4.108,0.176,1.0
2023-09-29,4.4955,4.2486,0.1855,1.0
2023-09-30,4.5456,4.1267,0.1808,1.0
2023-10-01,4.645,4.078,0.1829,1.0
2023-10-02,4.6302,4.0145,0.1882,1.0
2023-10-03,4.4429,4.2793,0.1805,1.0
2023-10-04,4.533,3.8921,0.1802,1.0
2023-10-05,4.4772,4.0332,0.1815,1.0
2023-10-06,4.617,4.1228,0.1832,1.0
2023-10-07,4.4733,4.0031,0.1892,1.0
2023-10-08,4.4985,4.2822,0.181,1.0
2023-10-09,4.5502,4.2177,0.1871,1.0
2023-10-10,4.5422,4.0573,0.1818,1.0
2023-10-11,4.5737,4.198,0.182,1.0
2023-10-12,4.5933,4.2802,0.1835,1.0
2023-10-13,4.5718,3.9329,0.1715,1.0
2023-10-14,4.5772,4.0896,0.1799,1.0
2023-10-15,4.567,4.0934,0.1865,1.0
2023-10-16,4.556,4.0178,0.186,1.0
2023-10-17,4.5348,4.1579,0.1801,1.0
2023-10-18,4.5045,4.1093,0.1821,1.0
2023-10-19,4.5836,4.0704,0.1747,1.0
2023-10-20,4.5197,4.1873,0.1808,1.0
2023-10-21,4.5328,4.2085,0.1792,1.0
2023-10-22,4.442,4.0823,0.1801,1.0
2023-10-23,4.4824,4.0807,0.184,1.0
2023-10-24,4.5493,4.1338,0.1893,1.0
2023-10-25,4.526,4.1306,0.18,1.0
2023-10-26,4.4908,4.0357,0.1801,1.0
2023-10-27,4.5752,4.3584,0.1791,1.0
2023-10-28,4.5208,4.0931,0.1836,1.0
2023-10-29,4.5684,4.2413,0.1723,1.0
2023-10-30,4.3829,4.0455,0.1864,1.0
2023-10-31,4.4404,3.7692,0.1843,1.0
2023-11-01,4.5671,3.9801,0.1781,1.0
2023-11-02,4.4821,4.1122,0.1795,1.0
2023-11-03,4.5846,3.786,0.1786,1.0
2023-11-04,4.4712,4.0718,0.1798,1.0
2023-11-05,4.6058,3.8955,0.1822,1.0
2023-11-06,4.5891,4.3042,0.1801,1.0
2023-11-07,4.5727,3.9016,0.1724,1.0
2023-11-08,4.6091,4.0994,0.1867,1.0
2023-11-09,4.4539,4.1572,0.1895,1.0
2023-11-10,4.5794,4.1304,0.182,1.0
2023-11-11,4.44,4.2491,0.1796,1.0
2023-11-12,4.5853,3.9281,0.1773,1.0
2023-11-13,4.6505,4.0618,0.1878,1.0
2023-11-14,4.5445,3.8974,0.1856,1.0
2023-11-15,4.5087,4.1769,0.1821,1.0
2023-11-16,4.442,4.1181,0.1908,1.0
2023-11-17,4.5845,4.0937,0.1863,1.0
2023-11-18,4.5647,4.123,0.1776,1.0
2023-11-19,4.5664,4.2139,0.1787,1.0
2023-11-20,4.6497,4.0899,0.1784,1.0
2023-11-21,4.6198,4.0685,0.185,1.0
2023-11-22,4.5296,4.0934,0.184,1.0
2023-11-23,4.5704,3.8805,0.1775,1.0
2023-11-24,4.6151,4.0855,0.1799,1.0
2023-11-25,4.4549,3.9812,0.1739,1.0
2023-11-26,4.5429,4.0342,0.1781,1.0
2023-11-27,4.5452,4.14,0.1904,1.0
2023-11-28,4.4442,4.2275,0.1859,1.0
2023-11-29,4.4955,4.1224,0.1802,1.0
2023-11-30,4.563,4.266,0.1844,1.0
2023-12-01,4.5856,4.0527,0.1761,1.0
2023-12-02,4.5354,4.2327,0.1759,1.0
2023-12-03,4.4761,4.1139,0.1781,1.0
2023-12-04,4.4945,4.0534,0.1765,1.0
2023-12-05,4.4818,4.1774,0.1768,1.0
2023-12-06,4.4381,4.0307,0.1849,1.0
2023-12-07,4.5362,4.0489,0.1822,1.0
2023-12-08,4.4278,4.1544,0.1835,1.0
2023-12-09,4.5213,4.2107,0.1775,1.0
2023-12-10,4.629,4.117,0.1807,1.0
2023-12-11,4.5486,4.0882,0.1869,1.0
2023-12-12,4.4746,4.0161,0.1861,1.0
2023-12-13,4.5083,4.1991,0.1888,1.0
2023-12-14,4.5219,4.1749,0.1774,1.0
2023-12-15,4.6028,4.1219,0.1839,1.0
2023-12-16,4.5048,3.9173,0.184,1.0
2023-12-17,4.4056,4.0651,0.1858,1.0
2023-12-18,4.5634,4.3143,0.1861,1.0
2023-12-19,4.5042,4.103,0.1818,1.0
2023-12-20,4.4392,3.9966,0.1798,1.0
2023-12-21,4.4075,4.1052,0.181,1.0
2023-12-22,4.4329,4.1445,0.1849,1.0
2023-12-23,4.5659,4.0644,0.1844,1.0
2023-12-24,4.5976,4.1338,0.1787,1.0
2023-12-25,4.5694,4.2315,0.1796,1.0
2023-12-26,4.6969,4.0422,0.1821,1.0
2023-12-27,4.5029,4.1246,0.175,1.0
2023-12-28,4.5118,3.9799,0.1825,1.0
2023-12-29,4.6196,4.1711,0.1725,1.0
2023-12-30,4.6929,4.1325,0.1789,1.0
2023-12-31,4.561,4.1194,0.1793,1.0
2024-01-01,4.3099,3.9314,0.1768,1.0
2024-01-02,4.2657,3.8654,0.1784,1.0
2024-01-03,4.3293,4.0212,0.1805,1.0
2024-01-04,4.3162,3.9374,0.1805,1.0
2024-01-05,4.2321,3.9079,0.1751,1.0
2024-01-06,4.354,4.0554,0.1795,1.0
2024-01-07,4.3536,3.9097,0.179,1.0
2024-01-08,4.2937,4.0478,0.1777,1.0
2024-01-09,4.2808,4.0233,0.1806,1.0
2024-01-10,4.2666,3.9751,0.1748,1.0
2024-01-11,4.1751,3.996,0.1798,1.0
2024-01-12,4.3131,3.824,0.1769,1.0
2024-01-13,4.1891,4.0896,0.1747,1.0
2024-01-14,4.3628,4.0557,0.1753,1.0
2024-01-15,4.2434,4.008,0.1755,1.0
2024-01-16,4.3051,3.9414,0.1727,1.0
2024-01-17,4.1885,3.9981,0.1763,1.0
2024-01-18,4.2723,4.0357,0.1815,1.0
2024-01-19,4.2864,3.9528,0.1795,1.0
2024-01-20,4.2322,3.9979,0.1797,1.0
2024-01-21,4.334,3.8251,0.1757,1.0
2024-01-22,4.2561,3.988,0.1794,1.0
2024-01-23,4.3748,3.9404,0.1765,1.0
2024-01-24,4.3575,4.0037,0.1818,1.0
2024-01-25,4.3144,3.8874,0.174,1.0
2024-01-26,4.2224,4.033,0.1816,1.0
2024-01-27,4.3925,4.0474,0.1815,1.0
2024-01-28,4.271,3.8875,0.1806,1.0
2024-01-29,4.3209,3.9886,0.1792,1.0
2024-01-30,4.3162,4.0827,0.1819,1.0
2024-01-31,4.3272,4.0477,0.1795,1.0
2024-02-01,4.2769,4.0405,0.1738,1.0
2024-02-02,4.3527,3.8844,0.1789,1.0
2024-02-03,4.2577,4.0243,0.1779,1.0
2024-02-04,4.2203,4.0137,0.1763,1.0
2024-02-05,4.3441,3.9801,0.1792,1.0
2024-02-06,4.2521,3.9329,0.1766,1.0
2024-02-07,4.3428,4.1142,0.1756,1.0
2024-02-08,4.3538,3.8064,0.1744,1.0
2024-02-09,4.2521,3.8718,0.1732,1.0
2024-02-10,4.3206,3.9629,0.1791,1.0
2024-02-11,4.3345,4.0012,0.18,1.0
2024-02-12,4.2965,3.885,0.1812,1.0
2024-02-13,4.2705,3.9052,0.1775,1.0
2024-02-14,4.2544,3.9466,0.179,1.0
2024-02-15,4.3174,3.9082,0.1765,1.0
2024-02-16,4.3537,4.0197,0.1842,1.0
2024-02-17,4.359,4.0715,0.1738,1.0
2024-02-18,4.3382,3.9758,0.1763,1.0
2024-02-19,4.3084,4.0556,0.1795,1.0
2024-02-20,4.2561,4.0394,0.1761,1.0
2024-02-21,4.3108,3.9557,0.1773,1.0
2024-02-22,4.3383,3.8968,0.1838,1.0
2024-02-23,4.2089,3.9322,0.1791,1.0
2024-02-24,4.3292,3.972,0.1778,1.0
2024-02-25,4.3205,3.9615,0.1822,1.0
2024-02-26,4.342,4.0498,0.1751,1.0
2024-02-27,4.296,3.956,0.175,1.0
2024-02-28,4.318,3.937,0.18,1.0
2024-02-29,4.2465,4.1175,0.1753,1.0
2024-03-01,4.311,4.0433,0.1763,1.0
2024-03-02,4.3426,3.8817,0.1824,1.0
2024-03-03,4.3007,3.9323,0.1771,1.0
2024-03-04,4.3404,3.9332,0.1758,1.0
2024-03-05,4.2889,3.8858,0.1835,1.0
2024-03-06,4.2717,4.0465,0.1786,1.0
2024-03-07,4.2508,3.9795,0.1804,1.0
2024-03-08,4.2906,4.0754,0.1811,1.0
2024-03-09,4.3459,3.9432,0.1748,1.0
2024-03-10,4.2693,3.9957,0.1796,1.0
2024-03-11,4.1914,3.9794,0.1785,1.0
2024-03-12,4.2861,4.0833,0.1793,1.0
2024-03-13,4.3655,3.9627,0.1808,1.0
2024-03-14,4.3818,4.0849,0.1747,1.0
2024-03-15,4.2873,3.9524,0.1795,1.0
2024-03-16,4.3343,3.9129,0.1782,1.0
2024-03-17,4.199,4.0954,0.1765,1.0
2024-03-18,4.3028,3.9552,0.1814,1.0
2024-03-19,4.1581,3.9787,0.1777,1.0
2024-03-20,4.2773,4.1181,0.1753,1.0
2024-03-21,4.3386,4.0085,0.1818,1.0
2024-03-22,4.2666,3.9214,0.1813,1.0
2024-03-23,4.3213,3.8564,0.1764,1.0
2024-03-24,4.3193,4.047,0.176,1.0
2024-03-25,4.1543,4.0219,0.1743,1.0
2024-03-26,4.1991,3.7534,0.1804,1.0
2024-03-27,4.3064,3.9619,0.1822,1.0
2024-03-28,4.3319,4.1093,0.1738,1.0
2024-03-29,4.2983,3.8507,0.1773,1.0
2024-03-30,4.2876,4.0301,0.1781,1.0
2024-03-31,4.3312,4.0363,0.1845,1.0
2024-04-01,4.2842,3.9047,0.1787,1.0
2024-04-02,4.2599,4.0986,0.1772,1.0
2024-04-03,4.2717,3.9423,0.1802,1.0
2024-04-04,4.2921,3.9287,0.183,1.0
2024-04-05,4.2572,3.9828,0.18,1.0
2024-04-06,4.2184,4.0184,0.1748,1.0
2024-04-07,4.3411,3.903,0.1801,1.0
2024-04-08,4.3553,4.0489,0.1788,1.0
2024-04-09,4.2884,3.9339,0.1824,1.0
2024-04-10,4.265,3.897,0.18,1.0
2024-04-11,4.2602,3.904,0.1737,1.0
2024-04-12,4.2759,3.9734,0.1787,1.0
2024-04-13,4.3476,4.0222,0.1774,1.0
2024-04-14,4.2901,4.0208,0.1818,1.0
2024-04-15,4.3063,3.9425,0.175,1.0
2024-04-16,4.2277,4.0333,0.1797,1.0
2024-04-17,4.3289,3.9697,0.1822,1.0
2024-04-18,4.2758,4.0564,0.1779,1.0
2024-04-19,4.2696,4.0274,0.1792,1.0
2024-04-20,4.3178,3.9865,0.1779,1.0
2024-04-21,4.4194,4.0747,0.1802,1.0
2024-04-22,4.3056,4.0606,0.1796,1.0
2024-04-23,4.3013,3.9557,0.1778,1.0
2024-04-24,4.1415,3.9968,0.1765,1.0
2024-04-25,4.3796,3.9815,0.1744,1.0
2024-04-26,4.2975,3.8963,0.1794,1.0
2024-04-27,4.3145,4.0566,0.1756,1.0
2024-04-28,4.3017,3.8708,0.1801,1.0
2024-04-29,4.3259,4.0197,0.178,1.0
2024-04-30,4.3207,4.1083,0.1771,1.0
2024-05-01,4.3069,3.8931,0.1754,1.0
2024-05-02,4.3049,4.0683,0.1772,1.0
2024-05-03,4.2882,3.9474,0.1764,1.0
2024-05-04,4.3147,3.8602,0.1818,1.0
2024-05-05,4.2667,4.0378,0.1742,1.0
2024-05-06,4.3334,4.0338,0.1792,1.0
2024-05-07,4.2503,4.0,0.1745,1.0
2024-05-08,4.2874,4.0624,0.1804,1.0
2024-05-09,4.3008,3.902,0.1799,1.0
2024-05-10,4.301,3.7944,0.1803,1.0
2024-05-11,4.2988,4.0762,0.1747,1.0
2024-05-12,4.1412,4.0023,0.1789,1.0
2024-05-13,4.2155,3.9017,0.1863,1.0
2024-05-14,4.2847,4.0385,0.176,1.0
2024-05-15,4.1955,3.9664,0.1772,1.0
2024-05-16,4.28,3.9708,0.1788,1.0
2024-05-17,4.2925,3.8789,0.1795,1.0
2024-05-18,4.2025,3.816,0.1802,1.0
2024-05-19,4.3254,3.9754,0.1738,1.0
2024-05-20,4.2646,3.959,0.1732,1.0
2024-05-21,4.263,4.0322,0.1823,1.0
2024-05-22,4.279,4.0405,0.1723,1.0
2024-05-23,4.333,3.9157,0.1789,1.0
2024-05-24,4.2876,4.0856,0.1754,1.0
2024-05-25,4.3314,3.9576,0.1775,1.0
2024-05-26,4.2908,3.9123,0.178,1.0
2024-05-27,4.2969,3.9993,0.1783,1.0
2024-05-28,4.3399,4.0539,0.1748,1.0
2024-05-29,4.3434,3.8851,0.1798,1.0
2024-05-30,4.331,3.8271,0.1783,1.0
2024-05-31,4.2766,3.9193,0.1821,1.0
2024-06-01,4.2673,3.9155,0.1782,1.0
2024-06-02,4.3343,3.9687,0.1815,1.0
2024-06-03,4.3265,3.8057,0.1764,1.0
2024-06-04,4.2719,4.0183,0.1701,1.0
2024-06-05,4.4275,4.0225,0.1784,1.0
2024-06-06,4.3591,4.1675,0.1806,1.0
2024-06-07,4.3474,3.9905,0.1776,1.0
2024-06-08,4.2762,3.9139,0.1759,1.0
2024-06-09,4.2325,3.9739,0.1729,1.0
2024-06-10,4.3095,3.9771,0.1784,1.0
2024-06-11,4.2739,4.2261,0.1821,1.0
2024-06-12,4.2378,3.9986,0.1762,1.0
2024-06-13,4.2493,3.8728,0.1793,1.0
2024-06-14,4.2659,4.0574,0.181,1.0
2024-06-15,4.3687,3.9118,0.1794,1.0
2024-06-16,4.3316,3.9421,0.1757,1.0
2024-06-17,4.3805,3.9982,0.1799,1.0
2024-06-18,4.2589,3.8825,0.1763,1.0
2024-06-19,4.2938,3.8949,0.178,1.0
2024-06-20,4.2156,3.8904,0.18,1.0
2024-06-21,4.3302,3.9486,0.1749,1.0
2024-06-22,4.2486,3.9501,0.1799,1.0
2024-06-23,4.3464,3.9403,0.1745,1.0
2024-06-24,4.3134,3.9141,0.1764,1.0
2024-06-25,4.3663,4.0462,0.1785,1.0
2024-06-26,4.2364,3.9969,0.1812,1.0
2024-06-27,4.2812,4.0881,0.1819,1.0
2024-06-28,4.3832,4.0044,0.1798,1.0
2024-06-29,4.3707,4.0158,0.1765,1.0
2024-06-30,4.2776,3.9991,0.1741,1.0
2024-07-01,4.2928,4.0677,0.1714,1.0
2024-07-02,4.3767,4.0698,0.1766,1.0
2024-07-03,4.3272,3.9803,0.1817,1.0
2024-07-04,4.3491,3.868,0.1798,1.0
2024-07-05,4.2897,3.9866,0.1758,1.0
2024-07-06,4.3874,4.0632,0.1758,1.0
2024-07-07,4.2333,3.9491,0.1793,1.0
2024-07-08,4.312,4.0803,0.1804,1.0
2024-07-09,4.3485,4.0061,0.1738,1.0
2024-07-10,4.2902,4.0648,0.1778,1.0
2024-07-11,4.3252,3.9545,0.1749,1.0
2024-07-12,4.2938,4.0047,0.176,1.0
2024-07-13,4.2882,3.9048,0.1814,1.0
2024-07-14,4.2853,4.0962,0.1826,1.0
2024-07-15,4.2959,3.8993,0.1717,1.0
2024-07-16,4.2264,3.8701,0.1821,1.0
2024-07-17,4.3058,4.0112,0.1713,1.0
2024-07-18,4.2401,4.051,0.1789,1.0
2024-07-19,4.2926,4.0252,0.1829,1.0
2024-07-20,4.2889,3.9855,0.1786,1.0
2024-07-21,4.4196,3.8121,0.18,1.0
2024-07-22,4.2943,4.0253,0.176,1.0
2024-07-23,4.2976,4.0369,0.1873,1.0
2024-07-24,4.3404,3.9122,0.1767,1.0
2024-07-25,4.2773,3.8363,0.177,1.0
2024-07-26,4.3366,3.8781,0.1811,1.0
2024-07-27,4.3244,3.9213,0.1776,1.0
2024-07-28,4.3799,4.0387,0.178,1.0
2024-07-29,4.2881,3.9861,0.1765,1.0
2024-07-30,4.1948,4.1434,0.1785,1.0
2024-07-31,4.3199,3.9754,0.1758,1.0
2024-08-01,4.2907,3.852,0.1848,1.0
2024-08-02,4.2383,3.8974,0.1767,1.0
2024-08-03,4.3644,3.9812,0.1743,1.0
2024-08-04,4.3627,4.0385,0.1796,1.0
2024-08-05,4.3358,4.1715,0.1846,1.0
2024-08-06,4.2657,4.1099,0.1791,1.0
2024-08-07,4.325,3.8446,0.1775,1.0
2024-08-08,4.2594,4.0462,0.1812,1.0
2024-08-09,4.1963,3.9782,0.1814,1.0
2024-08-10,4.2907,4.0383,0.1791,1.0
2024-08-11,4.3171,3.9583,0.1744,1.0
2024-08-12,4.2439,4.0367,0.1781,1.0
2024-08-13,4.2931,3.9461,0.1771,1.0
2024-08-14,4.3523,3.9532,0.174,1.0
2024-08-15,4.3372,3.9636,0.1781,1.0
2024-08-16,4.3804,3.9784,0.1789,1.0
2024-08-17,4.2411,3.9624,0.1798,1.0
2024-08-18,4.2222,3.9961,0.1783,1.0
2024-08-19,4.3021,4.063,0.179,1.0
2024-08-20,4.3739,3.9005,0.1784,1.0
2024-08-21,4.3042,3.8945,0.1809,1.0
2024-08-22,4.4162,3.9786,0.1795,1.0
2024-08-23,4.3042,3.9229,0.1725,1.0
2024-08-24,4.2647,3.8686,0.1831,1.0
2024-08-25,4.2942,3.9523,0.1807,1.0
2024-08-26,4.2439,3.9187,0.1782,1.0
2024-08-27,4.3514,4.0201,0.1787,1.0
2024-08-28,4.3039,4.012,0.1786,1.0
2024-08-29,4.2485,3.9837,0.1748,1.0
2024-08-30,4.3041,3.9415,0.1856,1.0
2024-08-31,4.298,3.8677,0.1776,1.0
2024-09-01,4.326,4.1139,0.1762,1.0
2024-09-02,4.2209,4.0453,0.1739,1.0
2024-09-03,4.2782,3.9594,0.1778,1.0
2024-09-04,4.3345,3.9253,0.1772,1.0
2024-09-05,4.2993,3.992,0.1783,1.0
2024-09-06,4.3218,4.0475,0.1792,1.0
2024-09-07,4.3227,3.8534,0.1782,1.0
2024-09-08,4.324,4.0383,0.1759,1.0
2024-09-09,4.267,3.9341,0.1796,1.0
2024-09-10,4.3517,3.9474,0.1807,1.0
2024-09-11,4.3062,3.9701,0.1774,1.0
2024-09-12,4.3373,4.006,0.1848,1.0
2024-09-13,4.2574,4.0214,0.1764,1.0
2024-09-14,4.2565,3.9791,0.1784,1.0
2024-09-15,4.4459,3.9653,0.1746,1.0
2024-09-16,4.3137,3.814,0.1777,1.0
2024-09-17,4.3008,4.0436,0.1809,1.0
2024-09-18,4.2748,3.968,0.1757,1.0
2024-09-19,4.2436,4.0048,0.1742,1.0
2024-09-20,4.2793,3.9004,0.1796,1.0
2024-09-21,4.3901,3.8759,0.1724,1.0
2024-09-22,4.2938,3.9813,0.1787,1.0
2024-09-23,4.2777,3.9639,0.1791,1.0
2024-09-24,4.352,3.8236,0.1769,1.0
2024-09-25,4.3107,3.9066,0.1832,1.0
2024-09-26,4.2682,3.9767,0.1797,1.0
2024-09-27,4.2704,3.8323,0.1767,1.0
2024-09-28,4.3515,3.953,0.1755,1.0
2024-09-29,4.3463,3.9535,0.1765,1.0
2024-09-30,4.3075,4.0417,0.1851,1.0
2024-10-01,4.3414,4.0728,0.1765,1.0
2024-10-02,4.2487,3.985,0.1783,1.0
2024-10-03,4.2461,3.966,0.1792,1.0
2024-10-04,4.318,4.0203,0.1789,1.0
2024-10-05,4.2746,3.9389,0.1744,1.0
2024-10-06,4.3892,3.9811,0.1773,1.0
2024-10-07,4.2536,4.2149,0.1748,1.0
2024-10-08,4.2786,4.0133,0.1798,1.0
2024-10-09,4.3479,4.1246,0.1795,1.0
2024-10-10,4.2472,3.9594,0.1789,1.0
2024-10-11,4.4034,3.8682,0.1816,1.0
2024-10-12,4.309,4.047,0.1777,1.0
2024-10-13,4.2579,4.0401,0.18,1.0
2024-10-14,4.3486,3.9789,0.1762,1.0
2024-10-15,4.2221,4.0455,0.1793,1.0
2024-10-16,4.2517,3.9369,0.1766,1.0
2024-10-17,4.2259,3.9146,0.1746,1.0
2024-10-18,4.2794,3.9209,0.1731,1.0
2024-10-19,4.4011,4.0802,0.1757,1.0
2024-10-20,4.3136,4.0134,0.1816,1.0
2024-10-21,4.2591,4.0674,0.1764,1.0
2024-10-22,4.2332,4.0379,0.1819,1.0
2024-10-23,4.4294,3.884,0.1801,1.0
2024-10-24,4.2795,4.0427,0.1736,1.0
2024-10-25,4.2369,3.9179,0.1782,1.0
2024-10-26,4.2679,4.0327,0.1811,1.0
2024-10-27,4.33,4.1095,0.1792,1.0
2024-10-28,4.2392,4.0891,0.1762,1.0
2024-10-29,4.3455,4.1059,0.1794,1.0
2024-10-30,4.2252,3.9065,0.182,1.0
2024-10-31,4.2915,3.9864,0.1803,1.0
2024-11-01,4.3348,4.0023,0.1774,1.0
2024-11-02,4.2844,4.0486,0.1797,1.0
2024-11-03,4.2871,4.0666,0.1776,1.0
2024-11-04,4.2574,3.9193,0.1751,1.0
2024-11-05,4.2864,4.0787,0.1756,1.0
2024-11-06,4.3094,3.9275,0.1772,1.0
2024-11-07,4.2245,3.9624,0.1774,1.0
2024-11-08,4.327,3.9979,0.1744,1.0
2024-11-09,4.3542,3.9968,0.1786,1.0
2024-11-10,4.2995,3.9386,0.1787,1.0
2024-11-11,4.3238,3.8402,0.1764,1.0
2024-11-12,4.2873,4.0005,0.1816,1.0
2024-11-13,4.2614,3.9402,0.1765,1.0
2024-11-14,4.2599,3.9522,0.1803,1.0
2024-11-15,4.2473,4.0142,0.1729,1.0
2024-11-16,4.2719,3.9536,0.183,1.0
2024-11-17,4.2863,3.8039,0.172,1.0
2024-11-18,4.3017,4.0291,0.1791,1.0
2024-11-19,4.3084,4.073,0.1764,1.0
2024-11-20,4.3447,3.8494,0.1753,1.0
2024-11-21,4.2096,3.958,0.1779,1.0
2024-11-22,4.3057,3.985,0.1752,1.0
2024-11-23,4.2905,3.8602,0.1821,1.0
2024-11-24,4.2848,3.9409,0.1828,1.0
2024-11-25,4.2379,3.89,0.1747,1.0
2024-11-26,4.2966,4.0145,0.1802,1.0
2024-11-27,4.4286,3.8,0.1798,1.0
2024-11-28,4.2721,3.9331,0.1761,1.0
2024-11-29,4.2546,4.1148,0.1805,1.0
2024-11-30,4.3012,4.0881,0.1735,1.0
2024-12-01,4.2335,3.8058,0.1759,1.0
2024-12-02,4.3081,3.9882,0.1784,1.0
2024-12-03,4.2294,4.0443,0.1787,1.0
2024-12-04,4.3367,3.8286,0.1789,1.0
2024-12-05,4.2406,3.9482,0.1796,1.0
2024-12-06,4.3046,3.9119,0.178,1.0
2024-12-07,4.2234,4.072,0.1774,1.0
2024-12-08,4.3559,3.9379,0.1764,1.0
2024-12-09,4.2618,4.0501,0.1759,1.0
2024-12-10,4.3322,3.9494,0.1721,1.0
2024-12-11,4.2715,3.8857,0.1781,1.0
2024-12-12,4.2405,4.0541,0.1777,1.0
2024-12-13,4.2911,4.0325,0.1809,1.0
2024-12-14,4.299,3.9183,0.1727,1.0
2024-12-15,4.2657,3.9306,0.1783,1.0
2024-12-16,4.2827,4.035,0.1762,1.0
2024-12-17,4.2971,4.0747,0.179,1.0
2024-12-18,4.297,3.9318,0.1761,1.0
2024-12-19,4.2575,3.9367,0.1803,1.0
2024-12-20,4.2889,3.872,0.1833,1.0
2024-12-21,4.316,3.8674,0.1767,1.0
2024-12-22,4.3055,4.1164,0.1747,1.0
2024-12-23,4.3488,4.092,0.1761,1.0
2024-12-24,4.2861,3.8971,0.1774,1.0
2024-12-25,4.2982,4.0328,0.1813,1.0
2024-12-26,4.2626,3.8226,0.1779,1.0
2024-12-27,4.3147,4.0,0.177,1.0
2024-12-28,4.3062,4.1012,0.1791,1.0
2024-12-29,4.2813,3.94,0.1775,1.0
2024-12-30,4.3818,3.9653,0.1779,1.0
2024-12-31,4.2759,4.0679,0.1839,1.0
